-- phpMyAdmin SQL Dump
-- version 4.8.5
-- https://www.phpmyadmin.net/
--
-- Host: 127.0.0.1
-- Generation Time: Jul 01, 2019 at 07:56 AM
-- Server version: 10.1.38-MariaDB
-- PHP Version: 7.3.4

SET SQL_MODE = "NO_AUTO_VALUE_ON_ZERO";
SET AUTOCOMMIT = 0;
START TRANSACTION;
SET time_zone = "+00:00";


/*!40101 SET @OLD_CHARACTER_SET_CLIENT=@@CHARACTER_SET_CLIENT */;
/*!40101 SET @OLD_CHARACTER_SET_RESULTS=@@CHARACTER_SET_RESULTS */;
/*!40101 SET @OLD_COLLATION_CONNECTION=@@COLLATION_CONNECTION */;
/*!40101 SET NAMES utf8mb4 */;

--
-- Database: `db_siap`
--

-- --------------------------------------------------------

--
-- Table structure for table `booking_unit`
--

CREATE TABLE `booking_unit` (
  `kode_booking` varchar(16) NOT NULL,
  `tgl_booking` datetime NOT NULL,
  `kode_unit` varchar(20) NOT NULL,
  `no_kk` varchar(20) NOT NULL,
  `nama` varchar(100) NOT NULL,
  `no_ktp` varchar(16) NOT NULL,
  `alamat` varchar(150) NOT NULL,
  `no_hp` varchar(15) NOT NULL
) ENGINE=InnoDB DEFAULT CHARSET=latin1;

--
-- Dumping data for table `booking_unit`
--

INSERT INTO `booking_unit` (`kode_booking`, `tgl_booking`, `kode_unit`, `no_kk`, `nama`, `no_ktp`, `alamat`, `no_hp`) VALUES
('BK20190630001', '2019-06-30 19:15:20', 'A305', '3276102805140002', 'Ari Ariyanto', '3276100404000002', 'jl. banjaran pucung', '081389061742');

-- --------------------------------------------------------

--
-- Table structure for table `sarana_sosial`
--

CREATE TABLE `sarana_sosial` (
  `id_sosial` int(5) NOT NULL,
  `pkk` int(20) NOT NULL,
  `karang_taruna` int(20) NOT NULL,
  `lsm` int(20) NOT NULL,
  `satgas_rt` int(20) NOT NULL,
  `pos_kamling` int(20) NOT NULL,
  `gerobak_sampah` int(20) NOT NULL,
  `rt` varchar(5) NOT NULL,
  `rw` varchar(5) NOT NULL
) ENGINE=MyISAM DEFAULT CHARSET=latin1;

-- --------------------------------------------------------

--
-- Table structure for table `tbl_alamat`
--

CREATE TABLE `tbl_alamat` (
  `id_alamat` int(11) NOT NULL,
  `id_kk` text NOT NULL,
  `jalan` text NOT NULL,
  `rt` text NOT NULL,
  `rw` text NOT NULL,
  `no` text NOT NULL,
  `kelurahan` text NOT NULL,
  `kecamatan` text NOT NULL,
  `kota` text NOT NULL,
  `provinsi` text NOT NULL,
  `kode_pos` text NOT NULL
) ENGINE=InnoDB DEFAULT CHARSET=latin1;

--
-- Dumping data for table `tbl_alamat`
--

INSERT INTO `tbl_alamat` (`id_alamat`, `id_kk`, `jalan`, `rt`, `rw`, `no`, `kelurahan`, `kecamatan`, `kota`, `provinsi`, `kode_pos`) VALUES
(1, '3171031701099310', 'CEMPAKA WANGI 1', '005', '009', '', 'HARAPAN MULIA', 'KEMAYORAN', 'JAKARTA', 'DKI JAKARTA', '10640'),
(2, '3276020211090042', 'KP.JATIJAJAR', '002', '002', '', 'JATIJAJAR', 'TAPOS', 'DEPOK', 'JAWA BARAT', '16455'),
(3, '3276100703160010', 'PERUMAHAN PESONA LAGUNA 2 BLOK L6', '003', '002', '2', 'CILANGKAP', 'TAPOS', 'DEPOK', 'JAWA BARAT', ''),
(4, '3276102701150033', 'JATIJAJAR', '004', '002', '', 'JATIJAJAR', 'TAPOS', 'DEPOK', 'JAWA BARAT', '16455'),
(5, '3276032604100001', 'BSI BLOK G/15', '002', '012', '15', 'PENGASINAN', 'SAWANGAN', 'DEPOK', 'JAWA BARAT', '16518'),
(6, '3276020211090056', 'JATIJAJAR', '002', '002', '', 'JATIJAJAR', 'TAPOS', 'DEPOK', 'JAWA BARAT', '16466'),
(7, '3276102705160003', 'KP NYENCLE', '001', '001', '', 'CILANGKAP', 'TAPOS', 'DEPOK', 'JAWA BARAT', '16958'),
(8, '3171030306160015', 'UTAN PANJANG 3', 'OO8', '007', '', 'UTAN PANJANG', 'KEMAYORAN', 'JAKARTA', 'DKI JAKARTA', ''),
(9, '3276100210120017', 'JATIJAJAR', '006', '002', '', 'JATIJAJAR', 'TAPOS', 'DEPOK', 'JAWA BARAT', '16455'),
(10, '3175051201097403', 'PEKAYON', '003', '002', '', 'PEKAYON', 'PASAR REBO', 'JAKARTA TIMUR', 'DKI JAKARTA', ''),
(11, '3276020901140024', 'KP.KELAPA DUA', '002', '009', '', 'TUGU', 'CIMANGGIS', 'DEPOK', 'JAWA BARAT', '16951'),
(12, '3276083105160015', 'SIDAMUKTI', '001', '002', '', 'SUKAMAJU', 'CILODONG', 'DEPOK', 'JAWA BARAT', '16475'),
(13, '3276052509070388', 'DANAU MANINJAU RAYA', '003', '007', '75', 'ABADI JAYA', 'SUKMAJAYA', 'DEPOK', 'JAWA BARAT', '16417'),
(14, '3276080703140008', 'SIDAMUKTI', '001', '004', '', 'SUKAMAJU', 'CILODONG', 'DEPOK', 'JAWA BARAT', '16415'),
(15, '3276021612070967', 'KP.SIDANGKARSA', '004', '008', '', 'SUKAMAJU BARU', 'TAPOS', 'DEPOK', 'JAWA BARAT', '16455'),
(16, '3276100408110005', 'KP.BANJARAN PUCUNG', '004', '005', '', 'CILANGKAP', 'TAPOS', 'DEPOK', 'JAWA BARAT', '16458'),
(17, '3201011907110050', 'CIKEMPONG', '003', '007', '', 'PAKANSARI', 'CIBINONG', 'BOGOR', 'JAWA BARAT', ''),
(18, '3276082402100015', 'SIDAMUKTI', '001', '002', '', 'SUKAMAJU', 'CILODONG', 'DEPOK', 'JAWA BARAT', '16415'),
(19, '3276050912080090', 'KP.SUGU TAMU', '006', '021', '', 'MEKARJAYA', 'SUKMAJAYA', 'DEPOK', 'JAWA BARAT', '16411'),
(20, '3276100112150011', 'KP CIHERANG ', '003', '06', '', 'SUKATANI', 'TAPOS', 'DEPOK', 'JAWA BARAT', '-'),
(21, '3302032205120002', 'KEDUNGWRINGIN', '003', '001', '', 'KEDUNGWRINGIN', 'JATI LAWANG', 'BANYUMAS', 'JAWA TENGAH', '53174'),
(22, '1802020407140003', 'DUSUN 3 SINAR LUAS', '005', '003', '', 'SINAR LUAS', 'BANGUNREJO', 'LAMPUNG TENGAH', 'LAMPUNG', '34173'),
(23, '3276020903150027', 'BAKTI KELAPA DUA', '012', '010', '', 'TUGU', 'CIMANGGIS', 'DEPOK', 'JAWA BARAT', '16451'),
(25, '3276020808070047', 'KP.JATIJAJAR', '003', '003', '', 'JATIJAJAR', 'TAPOS', 'DEPOK', 'JAWA BARAT', '16455'),
(26, '3276102108130031', 'JATIJAJAR', '06', '04', '', 'JATIJAJAR', 'TAPOS', 'DEPOK', 'JAWA BARAT', '16455'),
(27, '3276022211070727', 'JATIJAJAR', '004', '001', '', 'JATIJAJAR', 'TAPOS', 'DEPOK', 'JAWA BARAT', '16955'),
(28, '3276101212110033', 'KP.SINDANGKARSA', '007', '005', '', 'SUKAMAJU BARU', 'TAPOS', 'DEPOK', 'JAWA BARAT', '16455'),
(29, '3276052410070333', 'CILIWUNG 3', '002', '002', '55', 'BAKTI JAYA', 'SUKMAJAYA', 'DEPOK', 'JAWA BARAT', '16418'),
(30, '3276101505150004', 'JATIJAJAR', '006', '003', '', 'JATIJAJAR', 'TAPOS', 'DEPOK', 'JAWA BARAT', '16455'),
(31, '3276011807140005', 'WIJAYA KUSUMA 7', '009', '006', '136', 'DEPOK JAYA', 'PANCORAN MAS', 'DEPOK', 'JAWA BARAT', '16432'),
(32, '3276052110090051', 'KP.SIDAMUKTI', '006', '003', '', 'SUKAMAJU', 'CILODONG', 'DEPOK', 'JAWA BARAT', '16415'),
(33, '3276051703150022', 'RADEN SALEH STUDIO ALAM TVRI', '001', '008', '', 'SUKMAJAYA', 'SUKMAJAYA', 'DEPOK', 'JAWA BARAT', '16412'),
(34, '3276051105100050', 'KP. SUGU TAMU', '006', '021', '', 'MEKARJAYA', 'SUKMAJAYA', 'DEPOK', 'JAWA BARAT', '16411'),
(35, '3276021612090040', 'JATIJAJAR', '004', '001', '', 'JATIJAJAR', 'TAPOS', 'DEPOK', 'JAWA BARAT', ''),
(36, '-', 'DK.KRAJAN', '002', '001', '', 'SEBOROKRAPYAK', 'BANYU URIP', 'PURWOREJO', 'JAWA TENGAH', ''),
(37, '3276051903100014', 'MALIKI 1', '009', '002', '', 'ABADI JAYA', 'SUKMAJAYA', 'DEPOK', 'JAWA BARAT', '16417'),
(38, '3276050710140031', 'KP.SUGU TAMU', '002', '021', '', 'MEKARJAYA', 'SUKMAJAYA', 'DEPOK', 'JAWA BARAT', '16411'),
(39, '3276020209070017', 'JATIJAJAR', '004', '003', '', 'JATIJAJAR', 'TAPOS', 'DEPOK', 'JAWA BARAT', '16455'),
(40, '-1', 'KP.CIHERANG', '003', '006', '', 'SUKATANI', 'TAPOS', 'DEPOK', 'JAWA BARAT', ''),
(41, '-2', 'SUGU TAMU', '006', '021', '', 'MEKARJAYA', 'SUKMAJAYA', 'DEPOK', 'JAWA BARAT', '16411'),
(42, '3276101008160005', 'JATIJAJAR', '004', '003', '', 'JATIJAJAR', 'TAPOS', 'DEPOK', 'JAWA BARAT', '16466'),
(43, '3276102904110017', 'JATIJAJAR', '005', '004', '', 'JATIJAJAR', 'TAPOS', 'DEPOK', 'JAWA BARAT', '16455'),
(44, '3276021308070054', 'JATIJAJAR', '005', '004', '', 'JATIJAJAR', 'TAPOS', 'DEPOK', 'JAWA BARAT', '16955'),
(45, '326101911100016', 'KP.CILANGKAP', '003', '002', '', 'CILANGKAP', 'TAPOS', 'DEPOK', 'JAWA BARAT', '16458'),
(46, 'K23276100210120017', 'JATIJAJAR', '006', '002', '', 'JATIJAJAR', 'TAPOS', 'DEPOK', 'JAWA BARAT', '16455'),
(47, '3276012712070137', 'MAMPANG', '004', '006', '', 'MAMPANG', 'PANCORAN MAS', 'DEPOK', 'JAWA BARAT', '16433'),
(48, 'K232676102701150033', 'JATIJAJAR', '004', '002', '', 'JATIJAJAR', 'TAPOS', 'DEPOK', 'JAWA BARAT', '-'),
(49, '3276102002120028', 'KP.CILANGKAP', '003', '002', '', 'CILANGKAP', 'TAPOS', 'DEPOK', 'JAWA BARAT', '-'),
(50, 'K2326100408110005', 'KP.BANJARAN PUCUNG', '004', '005', '', 'CILANGKAP', 'TAPOS', 'DEPOK', 'JAWA BARAT', '16458'),
(51, '-3', 'KP.CIPAYUNG', '005', '004', '', 'SUKMAJAYA', 'SUKMAJAYA', 'DEPOK', 'JAWA BARAT', '-'),
(52, '3276102602180016', 'KP.BANJARAN PUCUNG', '004', '005', '', 'CILANGKAP', 'TAPOS', 'DEPOK', 'JAWA BARAT', '-'),
(53, '3276101505150004-2', 'JATIJAJAR', '006', '003', '', 'JATIJAJAR', 'TAPOS', 'DEPOK', 'JAWA BARAT', '16455'),
(54, '0', '-', '-', '-', '-', '-', '-', '-', '-', '-'),
(55, '3201071405030006', 'KP.CIPEUCANG', '003', '002', '', 'CIPEUCANG', 'CILEUNGSI', 'BOGOR', 'JAWA BARAT', '16820'),
(56, '3276021008160029', 'PARADUTA PONDOK DUTA I', '015', '014', '', 'TUGU', 'CIMANGGIS', 'DEPOK', 'JAWA BARAT', '16451'),
(57, '3276021610090058', 'AREMAN MELATI III ', '004', '007', '31', 'TUGU', 'CIMANGGIS', 'DEPOK', 'JAWA BARAT', '16451'),
(58, '3175041205170027', 'KOMP.PASPAMPRES JL ELANG BLOK G ', '005', '006', '5', 'TENGAH', 'KRAMAT JATI', 'JAKARTA TIMUR', 'DKI JAKARTA', '13540'),
(59, '3175041205170027-2', 'KOMP.PASPAMPRES JL. ELANG BLOK G', '005', '006', '6', 'TENGAH', 'KRAMAT JATI', 'JAKARTA TIMUR', 'DKI JAKARTA ', '13540'),
(60, '3276050409070182', 'VILA PERTIWI BLOK Q2 ', '005', '016', '20', 'SUKAMAJU', 'CILODONG', 'DEPOK', 'JAWA BARAT', '16415'),
(61, '3376010606110010', 'GABUS ', '004', '006', '21', 'TEGAL SARI', 'TEGAL BARAT', 'TEGAL', 'JAWA TENGAH', '52111'),
(62, '3376010703140001', 'GABUS', '004', '006', '21', 'TEGAL SARI', 'TEGAL BARAT', 'TEGAL', 'JAWA TENGAH', '52111'),
(63, '3276103003100077', 'CEMPEDAK RAYA', '004', '013', '19', 'SUKAMAJU BARU', 'TAPOS ', 'DEPOK ', 'JAWA BARAT', '16455'),
(64, '1871022101090028', 'PERINTIS', '002', '-', '', 'WAYDADI', 'SUKARAME', 'BANDAR LAMPUNG', 'LAMPUNG', '-'),
(65, '32760612100022', 'KRAMAT JAYA', '003', '012', '3A', 'BEJI', 'BEJI', 'DEPOK', 'JAWA BARAT', '16421'),
(66, '3276012510100012', 'KP.PANCORAN MAS', '006', '018', '', 'PANCORAN MAS', 'PANCORAN MAS', 'DEPOK', 'JAWA BARAT', '16436'),
(67, '3276022202080198', 'KENARI 1 BLOK K-1', '001', '013', '20', 'SUKAMAJU BARU', 'TAPOS', 'DEPOK', 'JAWA BARAT', '16455'),
(68, '3276011106080009', 'MAMPANG', '003', '003', '', 'MAMPANG', 'PANCORAN MAS', 'DEPOK', 'JAWA BARAT', '16433'),
(69, '3276011106080009-2', 'MAMPANG', '003', '003', '', 'MAMPANG', 'PANCORAN MAS', 'DEPOK', 'JAWA BARAT', '16433'),
(70, '3276011106080009-3', 'MAMPANG', '003', '003', '', 'MAMPANG', 'PANCORAN MAS', 'DEPOK', 'JAWA BARAT', '16433'),
(71, '3276050110070113', 'BARITO RAYA', '009', '017', '011', 'ABADI JAYA', 'SUKMAJAYA', 'DEPOK', 'JAWA BARAT', '16417'),
(72, '32101302150007', 'KP.BANJARAN PUCUNG', '004', '005', '', 'CILANGKAP', 'TAPOS', 'DEPOK', 'JAWA BARAT', '16465'),
(73, '3276051410100022', 'JANGER RAYA', '003', '012', '99', 'MEKARJAYA', 'SUKMAJAYA', 'DEPOK', 'JAWA BARAT', '16411'),
(74, '3276051410100022-2', 'JANGER RAYA', '003', '012', '99', 'MEKARJAYA', 'SUKMAJAYA', 'DEPOK', 'JAWA BARAT ', '16411'),
(75, '3276050506130013', 'CIMANDIRI III ', '003', '003', '95', 'BAKTIJAYA', 'SUKMAJAYA', 'DEPOK', 'JAWA BARAT', '16418'),
(76, '3276050512070110', 'PONDOK SUKMAJAYA PERMAI BLOK G-1', '006', '002', '', 'SUKMAJAYA', 'SUKMAJAYA', 'DEPOK', 'JAWA BARAT', '16412'),
(77, '3276022312071329', 'JATIJAJAR', '006', '001', '', 'JATIJAJAR', 'TAPOS', 'DEPOK', 'JAWA BARAT', '16955'),
(78, '3276051607080023', 'M.YUSUF I ', '001', '021', '31', 'MEKARJAYA', 'SUKMAJAYA', 'DEPOK', 'JAWA BARAT', '16411'),
(79, '3276022312071329-2', 'JATIJAJAR', '006', '001', '', 'JATIJAJAR', 'TAPOS', 'DEPOK', 'JAWA BARAT', '16955'),
(80, '3276050502110008', 'LINGK.CIPAYUNG', '002', '021', '', 'ABADI JAYA ', 'SUKMAJAYA', 'DEPOK', 'JAWA BARAT', '16417'),
(81, '3276100205120020', 'KP.BANJARAN PUCUNG', '004', '005', '', 'CILANGKAP ', 'TAPOS', 'DEPOK', 'JAWA BARAT', '16465'),
(82, '3276011106080009-4', 'MAMPANG', '003', '003', '', 'MAMPANG', 'PANCORAN MAS', 'DEPOK', 'JAWA BARAT', '16433'),
(83, '3276051610080057', 'TAMAN MANGGIS PERMAI BLOK K/2', '002', '029', '', 'SUKAMAJU', 'CILODONG', 'DEPOK', 'JAWA BARAT', '16415'),
(84, 'K-', 'KP.SUGU TAMU', '005', '021', '', 'MEKARJAYA', 'SUKMAJAYA', 'DEPOK', 'JAWA BARAT', '-'),
(85, '3276102911100031', 'KP.BANJARAN PUCUNG', '005', '005', '', 'CILANGKAP', 'TAPOS', 'DEPOK', 'JAWA BARAT', '16458'),
(86, '3276052311070488', 'SETU BARU CIKUMPA SIDAKMUTI', '001', '001', '', 'SUKMAJAYA', 'SUKMAJAYA', 'DEPOK', 'JAWA BARAT', '16412'),
(87, '3276051211070096', 'M.NASIR BENDUNGAN', '002', '001', '', 'CILODONG', 'CILODONG', 'DEPOK', 'JAWA BARAT', '16414'),
(88, '3276020712090318', 'PALSI GUNUNG', '005', '001', '', 'TUGU', 'CIMANGGIS', 'DEPOK', 'JAWA BARAT', '16951'),
(89, '3276102908130021', 'KP.BANJARAN PUCUNG', '004', '005', '', 'CILANGKAP', 'TAPOS', 'DEPOK', 'JAWA BARAT', '16465'),
(90, '3276050410170027', 'DANAU SINGKARAK V ', '001', '004', '45', 'ABADIJAYA', 'SUKMAJAYA', 'DEPOK', 'JAWA BARAT', '16417'),
(91, '3276081706100039', 'BENDUNGAN', '007', '001', '', 'CILODONG', 'CILODONG', 'DEPOK', 'JAWA BARAT', '16414'),
(92, '327602411090021', 'MARGONDA RAYA GG.H.ATAN', '004', '012', '44', 'KEMIRIMUKA', 'BEJI', 'DEPOK', 'JAWA BARAT', '16423'),
(93, '3276060705140006', 'KP.GEDONG', '001', '004', '', 'KEMIRIMUKA', 'BEJI', 'DEPOK', 'JAWA BARAT', '16423'),
(94, '320325192711313', 'PONDOK BAMBU KUNING  A11/7', '001', '014', '', 'BOJONG GEDE', 'BOJONG GEDE', 'BOGOR', 'JAWA BARAT', '-'),
(95, '3276051308120009', 'KAYU MANIS I ', '001', '014', '44', 'BAKTI JAYA ', 'SUKMAJAYA', 'DEPOK', 'JAWA BARAT', '16418'),
(96, '3276051308120009-2', 'KAYU MANIS I', '001', '014', '44', 'BAKTIJAYA', 'SUKMAJAYA', 'DEPOK', 'JAWA BARAT', '16418'),
(97, '3171051701096279', 'GG.Q', '002', '003', '10B', 'CEMPAKA PUTIH TIMUR', 'CEMPAKA PUTIH', 'JAKARTA PUSAT', 'DKI JAKARTA', '-'),
(98, '3171050202160007', 'CEMPAKA PUTIH TIMUR', '002', '003', '', 'CEMPAKA PUTIH TIMUR', 'CEMPAKA PUTIH', 'JAKARTA PUSAT', 'DKI JAKARTA', '-'),
(99, '3175042901095400', 'KOMP.PASPAMPRES', '002', '006', '', 'TENGAH', 'KRAMAT JATI', 'JAKARTA TIMUR', 'DKI JAKARTA', '13540'),
(100, '3276072306160003', 'PERMATA DEPOK', '012', '007', 'M5/10', 'PONDOKJAYA', 'CIPAYUNG', 'DEPOK', 'JAWA BARAT', '-'),
(101, '3276101310110004', 'BANJARAN PUCUNG', '004', '005', '', 'CILANGKAP', 'TAPOS ', 'DEPOK', 'JAWA BARAT', '16455'),
(102, '3276101402170004', 'HARUM MANIS', '003', '013', '13', 'SUKAMAJU BARU', 'TAPOS', 'DEPOK', 'JAWA BARAT', '16455'),
(103, '3276012907110043', 'BELIMBING SENTRAL', '007', '003', '', 'DEPOK', 'PANCORAN MAS', 'DEPOK', 'JAWA BARAT', ''),
(104, '3276012402180008', 'KP.PITARA JL.KRAMAT ASEM ', '004', '014', '', 'PANCORAN MAS', 'PANCORAN MAS', 'DEPOK', 'JAWA BARAT', '16436'),
(105, '3276021109070049', 'JATIJAJAR', '004', '008', '', 'JATIJAJAR', 'TAPOS ', 'DEPOK', 'JAWA BARAT ', '16955'),
(106, '3276101405130042', 'KP.SINDANGKARSA', '001', '010', '', 'SUKAMAJU BARU', 'TAPOS', 'DEPOK', 'JAWA BARAT', '16455'),
(107, '3276081508160009', 'KEMANG RAYA GG JAWA NO 59', '006', '005', '', 'CILODONG', 'CILODONG', 'KOTA DEPOK', 'JAWA BARAT', '16414'),
(108, '3276052701180002', 'KOMP.PELNI BLOK I-1 ', '003', '019', '11', 'BAKTI JAYA', 'SUKMAJAYA', 'DEPOK', 'JAWA BARAT', '16418'),
(109, '3276101109140020', 'JATIJAJAR', '0077', '002', '-', '16455', 'TAPOS', 'DEPOK', 'JAWA BARAT', '16455'),
(110, '3276100509130021', 'JATIJAJAR', '003', '001', '', 'JATIJAJAR', 'TAPOS', 'DEPOK', 'JAWA BARAT', '16455'),
(111, '3276083011160011', 'BENDUNGAN', '005', '008', '-', 'CILODONG', 'CILODONG', 'DEPOK', 'JAWA BARAT', '16474'),
(112, '3276101304180020', 'JATIJAJAR', '007', '003', '-', 'JATIJAJAR', 'TAPOS', 'DEPOK', 'JAWA BARAT', '16466'),
(113, '3276022101160039', 'ANGGREK', '002', '005', '-', 'CISALAK PASAR', 'CIMANGGIS', 'DEPOK', 'JAWA BARAT', '16953'),
(114, '3276021904170001', 'GG. SAWO', '003', '002', '', 'CURUG', 'CIMANGGIS', 'DEPOK', 'JAWA BARAT', '16453');

-- --------------------------------------------------------

--
-- Table structure for table `tbl_inventory`
--

CREATE TABLE `tbl_inventory` (
  `id` int(11) NOT NULL,
  `nama_barang` text NOT NULL,
  `merk` text NOT NULL,
  `no_seri` text NOT NULL,
  `no_inventory` varchar(20) NOT NULL,
  `ukuran` text NOT NULL,
  `bahan` text NOT NULL,
  `tahun_pembuatan` year(4) NOT NULL,
  `jumlah_barang` varchar(10) NOT NULL,
  `kategori` text NOT NULL,
  `perolehan` text NOT NULL,
  `keadaan` text NOT NULL,
  `ruangan` text NOT NULL,
  `ket` text NOT NULL
) ENGINE=InnoDB DEFAULT CHARSET=latin1;

--
-- Dumping data for table `tbl_inventory`
--

INSERT INTO `tbl_inventory` (`id`, `nama_barang`, `merk`, `no_seri`, `no_inventory`, `ukuran`, `bahan`, `tahun_pembuatan`, `jumlah_barang`, `kategori`, `perolehan`, `keadaan`, `ruangan`, `ket`) VALUES
(1, 'Repeater', 'TP-Link TL-WR845N', '218606100520', 'EL00001', '', 'Plastik  ', 2000, '1', 'Elektronik', '', 'Baik', 'Ruang Pimpinan', 'Perangkat ditempatkan di rak server'),
(2, 'printer HP', 'HP', 'CNG9DGCPLX', 'EL00002', '-', 'plastik ', 2012, '1', 'Elektronik', '-', 'Baik', 'Ruang Pimpinan', ''),
(3, 'Printer ', 'FUJI XEROX', 'TL300776', 'EL00003', '', 'Plastik   ', 2014, '1', 'Elektronik', '', 'Baik', 'Ruang Pimpinan', ''),
(4, 'Printer', 'EPSON', '-', 'EL00004', '-', 'plastik ', 2000, '1', 'Elektronik', '-', 'Baik', 'Ruang Pimpinan', ''),
(5, 'printer', 'EPSON', '-', 'EL00005', '-', 'Plastik ', 2000, '1', 'Elektronik', '-', 'Baik', 'Ruang Pimpinan', ''),
(6, 'RAK Server', '-', '-', 'NE00007', '-', 'Besi  ', 2000, '1', 'Non Elektronik', '-', 'Baik', 'Ruang Pimpinan', ''),
(7, 'PC', 'Lenovo', 'VS81100917', 'EL00007', '-', 'Plastik ', 2014, '1', 'Elektronik', '-', 'Baik', 'Ruang Pimpinan', ''),
(8, 'pc', 'ASUS', '-', 'EL00008', '-', 'Plastik', 2017, '1', 'Elektronik', '-', 'Baik', 'Ruang Pimpinan', ''),
(9, 'PC', 'DELL', '-', 'EL00009', '-', 'Plastik', 0000, '1', 'Elektronik', '-', 'Baik', 'Ruang Pimpinan', '');

-- --------------------------------------------------------

--
-- Table structure for table `tbl_kamar`
--

CREATE TABLE `tbl_kamar` (
  `kode_kamar` varchar(16) NOT NULL,
  `no_kamar` varchar(16) NOT NULL
) ENGINE=InnoDB DEFAULT CHARSET=latin1;

--
-- Dumping data for table `tbl_kamar`
--

INSERT INTO `tbl_kamar` (`kode_kamar`, `no_kamar`) VALUES
('K001', '01'),
('K002', '02'),
('K003', '03'),
('K004', '04'),
('K005', '05'),
('K006', '06'),
('K007', '07'),
('K008', '08'),
('K009', '09'),
('K010', '10'),
('K011', '11'),
('K012', '12'),
('K013', '13'),
('K014', '14'),
('K015', '15'),
('K016', '16'),
('K017', '17'),
('K018', '18'),
('K019', '19'),
('K020', '20'),
('K021', '21'),
('K022', '22'),
('K023', '23'),
('K024', '24');

-- --------------------------------------------------------

--
-- Table structure for table `tbl_keluarga`
--

CREATE TABLE `tbl_keluarga` (
  `id_kk` varchar(30) NOT NULL,
  `nama_kk` text NOT NULL,
  `id_penghuni` text NOT NULL,
  `tempo_pertama` date NOT NULL
) ENGINE=InnoDB DEFAULT CHARSET=latin1;

--
-- Dumping data for table `tbl_keluarga`
--

INSERT INTO `tbl_keluarga` (`id_kk`, `nama_kk`, `id_penghuni`, `tempo_pertama`) VALUES
('-', 'ROESDIANTO HADI K', 'B201', '2018-09-10'),
('-1', 'AGUS TOMI WIBOWO', 'B213', '2018-09-10'),
('-2', 'HENDRI LANA', 'B324', '2018-09-10'),
('-3', 'ARMANDO SIHOTANG', 'B220', '2018-09-10'),
('0', 'HERMANSYAH', 'B119', '2018-09-10'),
('1802020407140003', 'MARSINAH', 'B124', '2018-09-10'),
('1871022101090028', 'HENDARMIN ARMANDO', 'A219', '2018-09-10'),
('3171030306160015', 'EKA WAHYUDI', 'B216', '2018-09-10'),
('3171031701099310', 'ABDUL SYUKUR', 'B208', '2018-09-10'),
('3171050202160007', 'RADEN SENO BAYU ADJI', 'C111', '2018-09-10'),
('3171051701096279', 'ANWAR YUNUS ', 'C112', '2018-09-10'),
('3175041205170027', 'RINA SELVIANI', 'A317', '2018-09-10'),
('3175041205170027-2', 'RINA SELVIANI', 'A318', '2018-09-10'),
('3175042901095400', 'TONNY R.LASUT', 'C117', '2018-09-10'),
('3175051201097403', 'ACEP BIN KOMAR', 'B116', '2018-09-10'),
('3201011907110050', 'RASTAM', 'B108', '2018-09-10'),
('3201071405030006', 'R.H SOEGITO', 'A217', '2018-09-10'),
('320325192711313', 'YCP HENDRO SUKARNO', 'C118 ', '2018-09-10'),
('32101302150007', 'ENDAH PURBAYANTI', 'A313', '2018-09-10'),
('326101911100016', 'SURYAWATI', 'B214', '2018-09-10'),
('3276011106080009', 'JONNY KURON', 'A113', '2018-09-10'),
('3276011106080009-2', 'JOHNNY KURON', 'A114', '2018-09-10'),
('3276011106080009-3', 'JOHNNY KURON', 'A111', '2018-09-10'),
('3276011106080009-4', 'FALDY VALENTINO KURON', 'A115', '2018-09-10'),
('3276011807140005', 'MUHAMMAD SIFATUROHMAN', 'B111', '2018-09-10'),
('3276012402180008', 'AHMAD LATIEF', 'C104', '2018-09-10'),
('3276012510100012', 'YOHANDI', 'A221', '2018-09-10'),
('3276012712070137', 'AGUS SETIAWAN', 'B107', '2018-09-10'),
('3276012907110043', 'YULIATI.S', 'C103 ', '2018-09-10'),
('3276020209070017', 'SOLEH ENCANG DURACHMAN', 'B312', '2018-09-10'),
('3276020211090042', 'JAINUDIN', 'B205', '2018-09-10'),
('3276020211090056', ' FERY WISMA BAYU SETO', 'B206', '2018-09-10'),
('3276020712090318', 'Tb. Toto Sudiarto ', 'A101 ', '2018-09-10'),
('3276020808070047', 'MARAMIS AL CHOLIS', 'B105', '2018-09-10'),
('3276020901140024', 'MIKA MP SITUMORANG', 'B104', '2018-09-10'),
('3276020903150027', 'ARIPIN', 'B120 ', '2018-09-10'),
('3276021008160029', 'CARIDI', 'A123', '2018-09-10'),
('3276021109070049', 'SALBIYAH', 'C116', '2018-09-10'),
('3276021308070054', 'SURATMAN', 'B204', '2018-09-10'),
('3276021610090058', 'RONALDE RUMATE', 'A109', '2018-09-10'),
('3276021612070967', 'HENDRO PRABOWO', 'B109', '2018-09-10'),
('3276021612090040', 'ANDI SUGIHARTO', 'B123', '2018-09-10'),
('3276021904170001', 'HERU PONCO SUTRISNO', 'B113', '2019-07-10'),
('3276022101160039', 'RAENA', 'B311', '2019-07-10'),
('3276022202080198', 'AGUS SUDJATI', 'A222', '2018-09-10'),
('3276022211070727', 'WIRYO', 'B110', '2018-09-10'),
('3276022312071329', 'WARENDS LOUHENAPESY', 'A211', '2018-09-10'),
('3276022312071329-2', 'WARENDS LOUHENAPESY', 'A210', '2018-09-10'),
('327602411090021', 'ACHMAD USAIRI', 'C113 ', '2018-09-10'),
('3276032604100001', 'DIANING TAMTOMO', 'B221', '2018-09-10'),
('3276050110070113', 'ISAK UNTARA WIDADA', 'A303', '2018-09-10'),
('3276050409070182', 'DIENCE SRI SUNARTI', 'A314', '2018-09-10'),
('3276050410170027', 'ENJANG SUKANDAR', 'C213', '2018-09-10'),
('3276050502110008', 'SOFYAN', 'A121', '2018-09-10'),
('3276050506130013', 'JONO SRI SASONGKO', 'A207', '2018-09-10'),
('3276050512070110', 'WASLIM,SH', 'A307', '2018-09-10'),
('3276050710140031', 'PARIWIBOWO', 'B321', '2018-09-10'),
('3276050912080090', 'JEFRI DONNA', 'B323', '2018-09-10'),
('3276051105100050', 'BAHARUDIN', 'B301', '2018-09-10'),
('3276051211070096', 'DWI AGUS SATRIYANTO', 'A206', '2018-09-10'),
('3276051308120009', 'RUSNI ', 'C123', '2018-09-10'),
('3276051308120009-2', 'RUSNI MARHAENI', 'C124', '2018-09-10'),
('3276051410100022', 'FERDENAND VERNANDEZ BLEGUR', 'A214', '2018-09-10'),
('3276051410100022-2', 'F.VERNANDEZ BLEGUR', 'A213 ', '2018-09-10'),
('3276051607080023', 'ROHMAT NAIL', 'A306', '2018-09-10'),
('3276051610080057', 'YOSEPHINE SIMANJUNTAK', 'A112', '2018-09-10'),
('3276051703150022', 'LAURA SILVIA MARGARET', 'B322', '2018-09-10'),
('3276051903100014', 'ENDANG ', 'B302', '2018-09-10'),
('3276052110090051', 'SUBAHAN', 'B311', '2018-09-10'),
('3276052311070488', 'Abdul Karim ', 'A201', '2018-09-10'),
('3276052410070333', 'TRINAMIKA WIBOWO', 'B224', '2018-09-10'),
('3276052509070388', 'ANDI MISRANI', 'B122', '2018-09-10'),
('3276052701180002', 'FERY ISWANDI', 'A202', '2019-07-10'),
('3276060705140006', 'HELMI SISWANTO', 'C119 ', '2018-09-10'),
('32760612100022', 'RAHMAT BUDIANTO', 'A220', '2018-09-10'),
('3276072306160003', 'AGUS SETYAWAN', 'C120 ', '2018-09-10'),
('3276080703140008', 'NOVI IRAWAN', 'B212', '2018-09-10'),
('3276081508160009', 'ROHAYATI', 'B317', '2019-07-10'),
('3276081706100039', 'SABAM SIREGAR', 'C101', '2018-09-10'),
('3276082402100015', 'KIROM ZAMRONI', 'B207', '2018-09-10'),
('3276083011160011', 'UNTUNG ABIMANYU', 'B319', '2019-07-10'),
('3276083105160015', 'AGUNG MULYANA', 'B217', '2018-09-10'),
('3276100112150011', 'WANTI', 'B114', '2018-09-10'),
('3276100205120020', 'Aris Rachmat Kadarusman ', 'A118', '2018-09-10'),
('3276100210120017', 'BEDY AGUS FIRMANSYAH', 'B102', '2018-09-10'),
('3276100408110005', 'DESRI YANTI', 'B118', '2018-09-10'),
('3276100509130021', 'JUNAEDI', 'B306', '2019-07-10'),
('3276100703160010', 'ROESDIANTO HADI KOESMORO', 'B201 ', '2018-09-10'),
('3276101008160005', 'MOHAMMAD SUBHAN', 'B313', '2018-09-10'),
('3276101109140020', 'EKO ADIANTORO', 'B318', '2019-07-10'),
('3276101212110033', 'SITI ASIYAH', 'B101', '2018-09-10'),
('3276101304180020', 'WASIS HANDOYO', 'B210 ', '2019-07-10'),
('3276101310110004', 'SALIM MISBAH', 'C108 ', '2018-09-10'),
('3276101402170004', 'ANDIKA PRAYOGA', 'C105', '2018-09-10'),
('3276101405130042', 'GABRIEL ADRIAN DIRK SIMAUW', 'C224', '2019-07-10'),
('3276101505150004', 'INDRI PUSPITA', 'B211', '2018-09-10'),
('3276101505150004-2', 'INDRIPUSPITA', 'B202', '2018-09-10'),
('3276102002120028', 'EUIS HERAWATIE', 'B215', '2018-09-10'),
('3276102108130031', 'SARIPAH', 'B218 ', '2018-09-10'),
('3276102602180016', 'ACHMAD BOB HILMY', 'B112', '2018-09-10'),
('3276102701150033', 'MIRA TANIA REKOMINARMA', 'B223', '2018-09-10'),
('3276102705160003', 'DEWI ROSARIA INDAH HERAWATI', 'B210', '2018-09-10'),
('3276102904110017', 'H MAMUN', 'B203', '2018-09-10'),
('3276102908130021', 'MARIE MOGOT', 'A104 ', '2018-09-10'),
('3276102911100031', 'ABDUL KADIR', 'A203', '2018-09-10'),
('3276103003100077', 'SAHLIAN SYAH', 'A105', '2018-09-10'),
('3302032205120002', 'SODERI', 'B117', '2018-09-10'),
('3376010606110010', 'GATOT SURYANTORO', 'A311', '2018-09-10'),
('3376010703140001', 'IVAN IMANUEL SURYANTORO', 'A310', '2018-09-10'),
('K-', 'Moch. Eddy Karundeng', 'A108', '2018-09-10'),
('K2326100408110005', 'DESRIYANTI', 'B219', '2018-09-10'),
('K232676102701150033', 'ANIS ALAMSYAH', 'B222', '2018-09-10'),
('K23276100210120017', 'BEDY AGUS FIRMANSYAH', 'B103', '2018-09-10');

-- --------------------------------------------------------

--
-- Table structure for table `tbl_keluarga_get_modal`
--

CREATE TABLE `tbl_keluarga_get_modal` (
  `id_modal` int(11) NOT NULL,
  `id_kk` text NOT NULL,
  `dapat_modal` text NOT NULL,
  `ikut_uppks` text NOT NULL
) ENGINE=InnoDB DEFAULT CHARSET=latin1;

--
-- Dumping data for table `tbl_keluarga_get_modal`
--

INSERT INTO `tbl_keluarga_get_modal` (`id_modal`, `id_kk`, `dapat_modal`, `ikut_uppks`) VALUES
(1, '3171031701099310', '', ''),
(2, '3276020211090042', 'TIDAK', 'TIDAK'),
(3, '3276100703160010', 'TIDAK', 'TIDAK'),
(4, '3276102701150033', '', ''),
(5, '3276032604100001', '', ''),
(6, '3276020211090056', '', ''),
(7, '3276102705160003', '', ''),
(8, '3171030306160015', '', ''),
(9, '3276100210120017', 'TIDAK', 'TIDAK'),
(10, '3175051201097403', '', ''),
(11, '3276020901140024', '', ''),
(12, '3276083105160015', '', ''),
(13, '3276052509070388', '', ''),
(14, '3276080703140008', '', ''),
(15, '3276021612070967', '', ''),
(16, '3276100408110005', '', ''),
(17, '3201011907110050', '', ''),
(18, '3276082402100015', '', ''),
(19, '3276050912080090', '', ''),
(20, '3276100112150011', '', ''),
(21, '3302032205120002', '', ''),
(22, '1802020407140003', '', ''),
(23, '3276020903150027', '', ''),
(25, '3276020808070047', 'TIDAK', 'TIDAK'),
(26, '3276102108130031', 'TIDAK', 'TIDAK'),
(27, '3276022211070727', 'TIDAK', 'TIDAK'),
(28, '3276101212110033', 'TIDAK', 'TIDAK'),
(29, '3276052410070333', 'TIDAK', 'TIDAK'),
(30, '3276101505150004', 'TIDAK', 'TIDAK'),
(31, '3276011807140005', 'TIDAK', 'TIDAK'),
(32, '3276052110090051', 'TIDAK', 'TIDAK'),
(33, '3276051703150022', 'TIDAK', 'TIDAK'),
(34, '3276051105100050', 'TIDAK', 'TIDAK'),
(35, '3276021612090040', 'TIDAK', 'TIDAK'),
(36, '-', 'TIDAK', 'TIDAK'),
(37, '3276051903100014', 'TIDAK', 'TIDAK'),
(38, '3276050710140031', 'TIDAK', 'TIDAK'),
(39, '3276020209070017', 'TIDAK', 'TIDAK'),
(40, '-1', 'TIDAK', 'TIDAK'),
(41, '-2', 'TIDAK', 'TIDAK'),
(42, '3276101008160005', 'TIDAK', 'TIDAK'),
(43, '3276102904110017', 'TIDAK', 'TIDAK'),
(44, '3276021308070054', 'TIDAK', 'TIDAK'),
(45, '326101911100016', 'TIDAK', 'TIDAK'),
(46, 'K23276100210120017', 'TIDAK', 'TIDAK'),
(47, '3276012712070137', '', ''),
(48, 'K232676102701150033', 'TIDAK', 'TIDAK'),
(49, '3276102002120028', '', ''),
(50, 'K2326100408110005', 'TIDAK', 'TIDAK'),
(51, '-3', 'TIDAK', 'TIDAK'),
(52, '3276102602180016', 'TIDAK', 'TIDAK'),
(53, '3276101505150004-2', 'TIDAK', 'TIDAK'),
(54, '0', 'TIDAK', 'TIDAK'),
(55, '3201071405030006', '', ''),
(56, '3276021008160029', '', ''),
(57, '3276021610090058', '', ''),
(58, '3175041205170027', '', ''),
(59, '3175041205170027-2', '', ''),
(60, '3276050409070182', '', ''),
(61, '3376010606110010', 'TIDAK', 'TIDAK'),
(62, '3376010703140001', 'TIDAK', 'TIDAK'),
(63, '3276103003100077', 'TIDAK', 'TIDAK'),
(64, '1871022101090028', '', ''),
(65, '32760612100022', '', ''),
(66, '3276012510100012', 'TIDAK', 'TIDAK'),
(67, '3276022202080198', 'TIDAK', 'TIDAK'),
(68, '3276011106080009', 'TIDAK', 'TIDAK'),
(69, '3276011106080009-2', 'TIDAK', 'TIDAK'),
(70, '3276011106080009-3', 'TIDAK', 'TIDAK'),
(71, '3276050110070113', 'TIDAK', 'TIDAK'),
(72, '32101302150007', 'TIDAK', 'TIDAK'),
(73, '3276051410100022', 'TIDAK', 'TIDAK'),
(74, '3276051410100022-2', 'TIDAK', 'TIDAK'),
(75, '3276050506130013', 'TIDAK', 'TIDAK'),
(76, '3276050512070110', 'TIDAK', 'TIDAK'),
(77, '3276051607080023', '', ''),
(78, '3276022312071329-2', '', ''),
(79, '3276050502110008', 'TIDAK', 'TIDAK'),
(80, '3276100205120020', 'TIDAK', 'TIDAK'),
(81, '3276011106080009-4', '', ''),
(82, '3276051610080057', 'TIDAK', 'TIDAK'),
(83, 'K-', '', ''),
(84, '3276102911100031', '', ''),
(85, '3276052311070488', 'TIDAK', 'TIDAK'),
(86, '3276051211070096', 'TIDAK', 'TIDAK'),
(87, '3276020712090318', 'TIDAK', 'TIDAK'),
(88, '3276102908130021', 'TIDAK', 'TIDAK'),
(89, '3276050410170027', 'TIDAK', 'TIDAK'),
(90, '3276081706100039', 'TIDAK', 'TIDAK'),
(91, '327602411090021', 'TIDAK', 'TIDAK'),
(92, '3276060705140006', 'TIDAK', 'TIDAK'),
(93, '320325192711313', 'TIDAK', 'TIDAK'),
(94, '3276051308120009', 'TIDAK', 'TIDAK'),
(95, '3276051308120009-2', '', ''),
(96, '3171051701096279', 'TIDAK', '-'),
(97, '3171050202160007', 'TIDAK', 'TIDAK'),
(98, '3175042901095400', 'TIDAK', 'TIDAK'),
(99, '3276072306160003', 'TIDAK', 'TIDAK'),
(100, '3276101310110004', 'TIDAK', 'TIDAK'),
(101, '3276101402170004', 'TIDAK', 'TIDAK'),
(102, '3276012907110043', 'TIDAK', 'TIDAK'),
(103, '3276012402180008', 'TIDAK', 'TIDAK'),
(104, '3276021109070049', 'TIDAK', 'TIDAK'),
(105, '3276101405130042', '', ''),
(106, '3276081508160009', '', ''),
(107, '3276052701180002', '', ''),
(108, '3276101109140020', '', ''),
(109, '3276100509130021', '', ''),
(110, '3276083011160011', '', ''),
(111, '3276101304180020', '', ''),
(112, '3276022101160039', 'TIDAK', 'TIDAK'),
(113, '3276021904170001', '', '');

-- --------------------------------------------------------

--
-- Table structure for table `tbl_keluarga_meninggal`
--

CREATE TABLE `tbl_keluarga_meninggal` (
  `id_meninggal` int(11) NOT NULL,
  `id_kk` text NOT NULL,
  `ada_meninggal` text NOT NULL,
  `umur_meninggal` text NOT NULL,
  `jk` text NOT NULL,
  `ibu_meninggal` text NOT NULL
) ENGINE=InnoDB DEFAULT CHARSET=latin1;

--
-- Dumping data for table `tbl_keluarga_meninggal`
--

INSERT INTO `tbl_keluarga_meninggal` (`id_meninggal`, `id_kk`, `ada_meninggal`, `umur_meninggal`, `jk`, `ibu_meninggal`) VALUES
(1, '3171031701099310', 'TIDAK', '', '', 'TIDAK'),
(2, '3276020211090042', 'TIDAK', '', '', 'TIDAK'),
(3, '3276100703160010', 'TIDAK', '', '', 'TIDAK'),
(4, '3276102701150033', 'TIDAK', '', '', 'TIDAK'),
(5, '3276032604100001', 'TIDAK', '', '', 'TIDAK'),
(6, '3276020211090056', 'TIDAK', '', '', 'TIDAK'),
(7, '3276102705160003', 'TIDAK', '', '', 'TIDAK'),
(8, '3171030306160015', 'TIDAK', '', '', 'TIDAK'),
(9, '3276100210120017', 'TIDAK', '', '', 'TIDAK'),
(10, '3175051201097403', 'TIDAK', '', '', 'TIDAK'),
(11, '3276020901140024', 'TIDAK', '', '', 'TIDAK'),
(12, '3276083105160015', 'TIDAK', '', '', 'TIDAK'),
(13, '3276052509070388', 'TIDAK', '', '', 'TIDAK'),
(14, '3276080703140008', 'TIDAK', '', '', 'TIDAK'),
(15, '3276021612070967', 'TIDAK', '', '', 'TIDAK'),
(16, '3276100408110005', 'TIDAK', '', '', 'TIDAK'),
(17, '3201011907110050', 'TIDAK', '', '', 'TIDAK'),
(18, '3276082402100015', 'TIDAK', '', '', 'TIDAK'),
(19, '3276050912080090', 'TIDAK', '', '', 'TIDAK'),
(20, '3276100112150011', 'TIDAK', '', '', 'TIDAK'),
(21, '3302032205120002', 'TIDAK', '', '', 'TIDAK'),
(22, '1802020407140003', 'TIDAK', '', '', 'TIDAK'),
(23, '3276020903150027', 'TIDAK', '', '', 'TIDAK'),
(25, '3276020808070047', 'TIDAK', '', '', 'TIDAK'),
(26, '3276102108130031', 'TIDAK', '', '', 'TIDAK'),
(27, '3276022211070727', 'TIDAK', '', '', 'TIDAK'),
(28, '3276101212110033', 'TIDAK', '', '', 'TIDAK'),
(29, '3276052410070333', 'TIDAK', '', '', 'TIDAK'),
(30, '3276101505150004', 'TIDAK', '', '', 'TIDAK'),
(31, '3276011807140005', 'TIDAK', '', '', 'TIDAK'),
(32, '3276052110090051', 'TIDAK', '', '', 'TIDAK'),
(33, '3276051703150022', 'TIDAK', '', '', 'TIDAK'),
(34, '3276051105100050', 'TIDAK', '', '', 'TIDAK'),
(35, '3276021612090040', 'TIDAK', '', '', 'TIDAK'),
(36, '-', 'TIDAK', '', '', 'TIDAK'),
(37, '3276051903100014', 'TIDAK', '', '', 'TIDAK'),
(38, '3276050710140031', 'TIDAK', '', '', 'TIDAK'),
(39, '3276020209070017', 'TIDAK', '', '', 'TIDAK'),
(40, '-1', 'TIDAK', '', '', 'TIDAK'),
(41, '-2', 'TIDAK', '', '', 'TIDAK'),
(42, '3276101008160005', 'TIDAK', '', '', 'TIDAK'),
(43, '3276102904110017', 'TIDAK', '', '', 'TIDAK'),
(44, '3276021308070054', 'TIDAK', '', '', 'TIDAK'),
(45, '326101911100016', 'TIDAK', '', '', 'TIDAK'),
(46, 'K23276100210120017', 'TIDAK', '', '', 'TIDAK'),
(47, '3276012712070137', '', '', '', ''),
(48, 'K232676102701150033', 'TIDAK', '', '', 'TIDAK'),
(49, '3276102002120028', '', '', '', ''),
(50, 'K2326100408110005', 'TIDAK', '', '', 'TIDAK'),
(51, '-3', 'TIDAK', '', '', 'TIDAK'),
(52, '3276102602180016', 'TIDAK', '', '', 'TIDAK'),
(53, '3276101505150004-2', 'TIDAK', '', '', 'TIDAK'),
(54, '0', 'TIDAK', '', '', 'TIDAK'),
(55, '3201071405030006', '', '', '', ''),
(56, '3276021008160029', '', '', '', ''),
(57, '3276021610090058', '', '', '', ''),
(58, '3175041205170027', '', '', '', ''),
(59, '3175041205170027-2', '', '', '', ''),
(60, '3276050409070182', '', '', '', ''),
(61, '3376010606110010', 'TIDAK', '', '', 'TIDAK'),
(62, '3376010703140001', 'TIDAK', '', '', 'TIDAK'),
(63, '3276103003100077', 'TIDAK', '', '', 'TIDAK'),
(64, '1871022101090028', '', '', '', ''),
(65, '32760612100022', '', '', '', ''),
(66, '3276012510100012', 'TIDAK', '', '', 'TIDAK'),
(67, '3276022202080198', 'TIDAK', '', '', 'TIDAK'),
(68, '3276011106080009', 'TIDAK', '', '', 'TIDAK'),
(69, '3276011106080009-2', 'TIDAK', '', '', 'TIDAK'),
(70, '3276011106080009-3', 'TIDAK', '', '', 'TIDAK'),
(71, '3276050110070113', 'TIDAK', '', '', 'TIDAK'),
(72, '32101302150007', 'TIDAK', '', '', 'TIDAK'),
(73, '3276051410100022', 'TIDAK', '', '', 'TIDAK'),
(74, '3276051410100022-2', 'TIDAK', '', '', 'TIDAK'),
(75, '3276050506130013', 'TIDAK', '', '', 'TIDAK'),
(76, '3276050512070110', 'TIDAK', '', '', 'TIDAK'),
(77, '3276022312071329', 'TIDAK', '', '', 'TIDAK'),
(78, '3276051607080023', '', '', '', ''),
(79, '3276022312071329-2', '', '', '', ''),
(80, '3276050502110008', 'TIDAK', '', '', 'TIDAK'),
(81, '3276100205120020', 'TIDAK', '', '', 'TIDAK'),
(82, '3276011106080009-4', '', '', '', ''),
(83, '3276051610080057', 'TIDAK', '', '', 'TIDAK'),
(84, 'K-', '', '', '', ''),
(85, '3276102911100031', '', '', '', ''),
(86, '3276052311070488', 'TIDAK', '', '', 'TIDAK'),
(87, '3276051211070096', 'TIDAK', '', '', 'TIDAK'),
(88, '3276020712090318', 'TIDAK', '', '', 'TIDAK'),
(89, '3276102908130021', 'TIDAK', '', '', 'TIDAK'),
(90, '3276050410170027', 'TIDAK', '', '', 'TIDAK'),
(91, '3276081706100039', 'TIDAK', '', '', 'TIDAK'),
(92, '327602411090021', 'TIDAK', '', '', 'TIDAK'),
(93, '3276060705140006', 'TIDAK', '', '', 'TIDAK'),
(94, '320325192711313', 'TIDAK', '', '', 'TIDAK'),
(95, '3276051308120009', 'TIDAK', '', '', 'TIDAK'),
(96, '3276051308120009-2', '', '', '', ''),
(97, '3171051701096279', 'TIDAK', '', '', 'TIDAK'),
(98, '3171050202160007', 'TIDAK', '', '', 'TIDAK'),
(99, '3175042901095400', 'TIDAK', '', '', 'TIDAK'),
(100, '3276072306160003', 'TIDAK', '', '', 'TIDAK'),
(101, '3276101310110004', 'TIDAK', '', '', 'TIDAK'),
(102, '3276101402170004', 'TIDAK', '', '', 'TIDAK'),
(103, '3276012907110043', 'TIDAK', '', '', 'TIDAK'),
(104, '3276012402180008', 'TIDAK', '', '', 'TIDAK'),
(105, '3276021109070049', 'TIDAK', '', '', 'TIDAK'),
(106, '3276101405130042', '', '', '', ''),
(107, '3276081508160009', '', '', '', ''),
(108, '3276052701180002', '', '', '', ''),
(109, '3276101109140020', '', '', '', ''),
(110, '3276100509130021', '', '', '', ''),
(111, '3276083011160011', '', '', '', ''),
(112, '3276101304180020', '', '', '', ''),
(113, '3276022101160039', 'TIDAK', '', '', 'TIDAK'),
(114, '3276021904170001', '', '', '', '');

-- --------------------------------------------------------

--
-- Table structure for table `tbl_keluarga_sejahtera`
--

CREATE TABLE `tbl_keluarga_sejahtera` (
  `id_sejahtera` int(11) NOT NULL,
  `id_kk` text NOT NULL,
  `status_tahapan` text NOT NULL,
  `alasan` text NOT NULL,
  `fasilitas_kakus` text NOT NULL,
  `fasilitas_listrik` text NOT NULL,
  `fasilitas_airminum` text NOT NULL,
  `fasilitas_memasak` text NOT NULL
) ENGINE=InnoDB DEFAULT CHARSET=latin1;

--
-- Dumping data for table `tbl_keluarga_sejahtera`
--

INSERT INTO `tbl_keluarga_sejahtera` (`id_sejahtera`, `id_kk`, `status_tahapan`, `alasan`, `fasilitas_kakus`, `fasilitas_listrik`, `fasilitas_airminum`, `fasilitas_memasak`) VALUES
(1, '3171031701099310', '', '', '', '', '', ''),
(2, '3276020211090042', '', '', 'TIDAK', 'TIDAK', 'TIDAK', 'TIDAK'),
(3, '3276100703160010', '', '', 'TIDAK', 'TIDAK', 'TIDAK', 'TIDAK'),
(4, '3276102701150033', '', '', '', '', '', ''),
(5, '3276032604100001', '', '', '', '', '', ''),
(6, '3276020211090056', '', '', '', '', '', ''),
(7, '3276102705160003', '', '', '', '', '', ''),
(8, '3171030306160015', '', '', '', '', '', ''),
(9, '3276100210120017', '', '', 'TIDAK', 'TIDAK', 'TIDAK', 'TIDAK'),
(10, '3175051201097403', '', '', '', '', '', ''),
(11, '3276020901140024', '', '', '', '', '', ''),
(12, '3276083105160015', '', '', '', '', '', ''),
(13, '3276052509070388', '', '', '', '', '', ''),
(14, '3276080703140008', '', '', '', '', '', ''),
(15, '3276021612070967', '', '', '', '', '', ''),
(16, '3276100408110005', '', '', '', '', '', ''),
(17, '3201011907110050', '', '', '', '', '', ''),
(18, '3276082402100015', '', '', '', '', '', ''),
(19, '3276050912080090', '', '', '', '', '', ''),
(20, '3276100112150011', '', '', '', '', '', ''),
(21, '3302032205120002', '', '', '', '', '', ''),
(22, '1802020407140003', '', '', '', '', '', ''),
(23, '3276020903150027', '', '', '', '', '', ''),
(25, '3276020808070047', '', '', 'TIDAK', 'TIDAK', 'TIDAK', 'TIDAK'),
(26, '3276102108130031', '', '', 'TIDAK', 'TIDAK', 'TIDAK', 'TIDAK'),
(27, '3276022211070727', '', '', 'TIDAK', 'TIDAK', 'TIDAK', 'TIDAK'),
(28, '3276101212110033', '', '', 'TIDAK', 'TIDAK', 'TIDAK', 'TIDAK'),
(29, '3276052410070333', '', '', 'TIDAK', 'TIDAK', 'TIDAK', 'TIDAK'),
(30, '3276101505150004', '', '', 'TIDAK', 'TIDAK', 'TIDAK', 'TIDAK'),
(31, '3276011807140005', '', '', 'TIDAK', 'TIDAK', 'TIDAK', 'TIDAK'),
(32, '3276052110090051', '', '', 'TIDAK', 'TIDAK', 'TIDAK', 'TIDAK'),
(33, '3276051703150022', '', '', 'TIDAK', 'TIDAK', 'TIDAK', 'TIDAK'),
(34, '3276051105100050', '', '', 'TIDAK', 'TIDAK', 'TIDAK', 'TIDAK'),
(35, '3276021612090040', '', '', 'TIDAK', 'TIDAK', 'TIDAK', 'TIDAK'),
(36, '-', '', '', 'TIDAK', 'TIDAK', 'TIDAK', 'TIDAK'),
(37, '3276051903100014', '', '', 'TIDAK', 'TIDAK', 'TIDAK', 'TIDAK'),
(38, '3276050710140031', '', '', 'TIDAK', 'TIDAK', 'TIDAK', 'TIDAK'),
(39, '3276020209070017', '', '', 'TIDAK', 'TIDAK', 'TIDAK', 'TIDAK'),
(40, '-1', '', '', 'TIDAK', 'TIDAK', 'TIDAK', 'TIDAK'),
(41, '-2', '', '', 'TIDAK', 'TIDAK', 'TIDAK', 'TIDAK'),
(42, '3276101008160005', '', '', 'TIDAK', 'TIDAK', 'TIDAK', 'TIDAK'),
(43, '3276102904110017', '', '', 'TIDAK', 'TIDAK', 'TIDAK', 'TIDAK'),
(44, '3276021308070054', '', '', 'TIDAK', 'TIDAK', 'TIDAK', 'TIDAK'),
(45, '326101911100016', '', '', 'TIDAK', 'TIDAK', 'TIDAK', 'TIDAK'),
(46, 'K23276100210120017', '', '', 'TIDAK', 'TIDAK', 'TIDAK', 'TIDAK'),
(47, '3276012712070137', '', '', '', '', '', ''),
(48, 'K232676102701150033', '', '', 'TIDAK', 'TIDAK', 'TIDAK', 'TIDAK'),
(49, '3276102002120028', '', '', '', '', '', ''),
(50, 'K2326100408110005', '', '', 'TIDAK', 'TIDAK', 'TIDAK', 'TIDAK'),
(51, '-3', '', '', 'TIDAK', 'TIDAK', 'TIDAK', 'TIDAK'),
(52, '3276102602180016', '', '', 'TIDAK', 'TIDAK', 'TIDAK', 'TIDAK'),
(53, '3276101505150004-2', '', '', 'TIDAK', 'TIDAK', 'TIDAK', 'TIDAK'),
(54, '0', '', '', 'TIDAK', 'TIDAK', 'TIDAK', 'TIDAK'),
(55, '3201071405030006', '', '', '', '', '', ''),
(56, '3276021008160029', '', '', '', '', '', ''),
(57, '3276021610090058', '', '', '', '', '', ''),
(58, '3175041205170027', '', '', '', '', '', ''),
(59, '3175041205170027-2', '', '', '', '', '', ''),
(60, '3276050409070182', '', '', '', '', '', ''),
(61, '3376010606110010', '', '', '', 'TIDAK', 'TIDAK', 'TIDAK'),
(62, '3376010703140001', '', '', '', 'TIDAK', 'TIDAK', 'TIDAK'),
(63, '3276103003100077', '', '', '', 'TIDAK', 'TIDAK', 'TIDAK'),
(64, '1871022101090028', '', '', '', '', '', ''),
(65, '32760612100022', '', '', '', '', '', ''),
(66, '3276012510100012', '', '', 'TIDAK', 'TIDAK', 'TIDAK', 'TIDAK'),
(67, '3276022202080198', '', '', 'TIDAK', 'TIDAK', 'TIDAK', 'TIDAK'),
(68, '3276011106080009', '', '', 'TIDAK', 'TIDAK', 'TIDAK', 'TIDAK'),
(69, '3276011106080009-2', '', '', 'TIDAK', 'TIDAK', 'TIDAK', 'TIDAK'),
(70, '3276011106080009-3', '', '', 'TIDAK', 'TIDAK', 'TIDAK', 'TIDAK'),
(71, '3276050110070113', '', '', 'TIDAK', 'TIDAK', 'TIDAK', 'TIDAK'),
(72, '32101302150007', '', '', 'TIDAK', 'TIDAK', 'TIDAK', 'TIDAK'),
(73, '3276051410100022', '', '', 'TIDAK', 'TIDAK', 'TIDAK', 'TIDAK'),
(74, '3276051410100022-2', '', '', 'TIDAK', 'TIDAK', 'TIDAK', 'TIDAK'),
(75, '3276050506130013', '', '', 'TIDAK', 'TIDAK', 'TIDAK', 'TIDAK'),
(76, '3276050512070110', '', '', 'TIDAK', 'TIDAK', 'TIDAK', 'TIDAK'),
(77, '3276022312071329', '', '', 'TIDAK', 'TIDAK', 'TIDAK', 'TIDAK'),
(78, '3276051607080023', '', '', '', '', '', ''),
(79, '3276022312071329-2', '', '', '', '', '', ''),
(80, '3276050502110008', '', '', 'TIDAK', 'TIDAK', 'TIDAK', 'TIDAK'),
(81, '3276100205120020', '', '', 'TIDAK', 'TIDAK', 'TIDAK', 'TIDAK'),
(82, '3276011106080009-4', '', '', '', '', '', ''),
(83, '3276051610080057', '', '', 'TIDAK', 'TIDAK', 'TIDAK', 'TIDAK'),
(84, 'K-', '', '', '', '', '', ''),
(85, '3276102911100031', '', '', '', '', '', ''),
(86, '3276052311070488', '', '', 'TIDAK', 'TIDAK', 'TIDAK', 'TIDAK'),
(87, '3276051211070096', '', '', 'TIDAK', 'TIDAK', 'TIDAK', 'TIDAK'),
(88, '3276020712090318', '', '', 'TIDAK', 'TIDAK', 'TIDAK', 'TIDAK'),
(89, '3276102908130021', '', '', 'TIDAK', 'TIDAK', 'TIDAK', 'TIDAK'),
(90, '3276050410170027', '', '', 'TIDAK', 'TIDAK', 'TIDAK', 'TIDAK'),
(91, '3276081706100039', '', '', 'TIDAK', 'TIDAK', 'TIDAK', 'TIDAK'),
(92, '327602411090021', '', '', 'TIDAK', 'TIDAK', 'TIDAK', 'TIDAK'),
(93, '3276060705140006', '', '', 'TIDAK', 'TIDAK', 'TIDAK', 'TIDAK'),
(94, '320325192711313', '', '', 'TIDAK', 'TIDAK', 'TIDAK', 'TIDAK'),
(95, '3276051308120009', '', '', 'TIDAK', 'TIDAK', 'TIDAK', 'TIDAK'),
(96, '3276051308120009-2', '', '', '', '', '', ''),
(97, '3171051701096279', '', '', 'TIDAK', 'TIDAK', 'TIDAK', 'TIDAK'),
(98, '3171050202160007', '', '', 'TIDAK', 'TIDAK', 'TIDAK', 'TIDAK'),
(99, '3175042901095400', '', '', 'TIDAK', 'TIDAK', 'TIDAK', 'TIDAK'),
(100, '3276072306160003', '', '', 'TIDAK', 'TIDAK', 'TIDAK', 'TIDAK'),
(101, '3276101310110004', '', '', 'TIDAK', 'TIDAK', 'TIDAK', 'TIDAK'),
(102, '3276101402170004', '', '', 'TIDAK', 'TIDAK', 'TIDAK', 'TIDAK'),
(103, '3276012907110043', '', '', 'TIDAK', 'TIDAK', 'TIDAK', 'TIDAK'),
(104, '3276012402180008', '', '', 'TIDAK', 'TIDAK', 'TIDAK', 'TIDAK'),
(105, '3276021109070049', '', '', 'TIDAK', 'TIDAK', 'TIDAK', 'TIDAK'),
(106, '3276101405130042', '', '', '', '', '', ''),
(107, '3276081508160009', '', '', '', '', '', ''),
(108, '3276052701180002', '', '', '', '', '', ''),
(109, '3276101109140020', '', '', '', '', '', ''),
(110, '3276100509130021', '', '', '', '', '', ''),
(111, '3276083011160011', '', '', '', '', '', ''),
(112, '3276101304180020', '', '', '', '', '', ''),
(113, '3276022101160039', '', '', 'TIDAK', 'TIDAK', 'TIDAK', 'TIDAK'),
(114, '3276021904170001', '', '', '', '', '', '');

-- --------------------------------------------------------

--
-- Table structure for table `tbl_keluarga_status_dan_kb`
--

CREATE TABLE `tbl_keluarga_status_dan_kb` (
  `id_sdk` int(11) NOT NULL,
  `id_kk` text NOT NULL,
  `jamkesnas` text NOT NULL,
  `metode_kb` text NOT NULL,
  `sebab_non_kb` text NOT NULL,
  `kapan_kb` date NOT NULL,
  `tempat_kb` text NOT NULL,
  `ikut_posyandu` text NOT NULL,
  `ikut_bkb` text NOT NULL,
  `remaja_bkr` text NOT NULL,
  `remaja_pik` text NOT NULL,
  `lansia_bkl` text NOT NULL
) ENGINE=InnoDB DEFAULT CHARSET=latin1;

--
-- Dumping data for table `tbl_keluarga_status_dan_kb`
--

INSERT INTO `tbl_keluarga_status_dan_kb` (`id_sdk`, `id_kk`, `jamkesnas`, `metode_kb`, `sebab_non_kb`, `kapan_kb`, `tempat_kb`, `ikut_posyandu`, `ikut_bkb`, `remaja_bkr`, `remaja_pik`, `lansia_bkl`) VALUES
(1, '3171031701099310', '', '', '', '0000-00-00', '-', '', '', '', '', ''),
(2, '3276020211090042', '', 'TIDAK', '', '0000-00-00', '-', '', 'TIDAK', 'TIDAK', 'TIDAK', 'TIDAK'),
(3, '3276100703160010', '', 'TIDAK', '', '0000-00-00', '-', '', 'TIDAK', 'TIDAK', 'TIDAK', 'TIDAK'),
(4, '3276102701150033', '', 'TIDAK', '', '0000-00-00', '-', 'TIDAK', 'TIDAK', 'TIDAK', 'TIDAK', 'TIDAK'),
(5, '3276032604100001', '', 'TIDAK', '', '0000-00-00', '-', 'TIDAK', 'TIDAK', 'TIDAK', 'TIDAK', 'TIDAK'),
(6, '3276020211090056', '', 'TIDAK', '', '0000-00-00', '-', 'TIDAK', 'TIDAK', 'TIDAK', 'TIDAK', 'TIDAK'),
(7, '3276102705160003', '', 'TIDAK', '', '0000-00-00', '-', 'TIDAK', 'TIDAK', 'TIDAK', 'TIDAK', 'TIDAK'),
(8, '3171030306160015', '', 'TIDAK', '', '0000-00-00', '-', 'TIDAK', 'TIDAK', 'TIDAK', 'TIDAK', 'TIDAK'),
(9, '3276100210120017', '', 'TIDAK', '', '0000-00-00', '-', 'TIDAK', 'TIDAK', 'TIDAK', 'TIDAK', 'TIDAK'),
(10, '3175051201097403', '', 'TIDAK', '', '0000-00-00', '-', 'TIDAK', 'TIDAK', 'TIDAK', 'TIDAK', 'TIDAK'),
(11, '3276020901140024', '', 'TIDAK', '', '0000-00-00', '-', 'TIDAK', 'TIDAK', 'TIDAK', 'TIDAK', 'TIDAK'),
(12, '3276083105160015', '', 'TIDAK', '', '0000-00-00', '-', 'TIDAK', 'TIDAK', 'TIDAK', 'TIDAK', 'TIDAK'),
(13, '3276052509070388', '', 'TIDAK', '', '0000-00-00', '-', 'TIDAK', 'TIDAK', 'TIDAK', 'TIDAK', 'TIDAK'),
(14, '3276080703140008', '', 'TIDAK', '', '0000-00-00', '-', 'TIDAK', 'TIDAK', 'TIDAK', 'TIDAK', 'TIDAK'),
(15, '3276021612070967', '', 'TIDAK', '', '0000-00-00', '-', 'TIDAK', 'TIDAK', 'TIDAK', 'TIDAK', 'TIDAK'),
(16, '3276100408110005', '', 'TIDAK', '', '0000-00-00', '-', 'TIDAK', 'TIDAK', 'TIDAK', 'TIDAK', 'TIDAK'),
(17, '3201011907110050', '', 'TIDAK', '', '0000-00-00', '-', 'TIDAK', 'TIDAK', 'TIDAK', 'TIDAK', 'TIDAK'),
(18, '3276082402100015', '', 'TIDAK', '', '0000-00-00', '-', 'TIDAK', 'TIDAK', 'TIDAK', 'TIDAK', 'TIDAK'),
(19, '3276050912080090', '', 'TIDAK', '', '0000-00-00', '-', 'TIDAK', 'TIDAK', 'TIDAK', 'TIDAK', 'TIDAK'),
(20, '3276100112150011', '', 'TIDAK', '', '0000-00-00', '-', 'TIDAK', 'TIDAK', 'TIDAK', 'TIDAK', 'TIDAK'),
(21, '3302032205120002', '', 'TIDAK', '', '0000-00-00', '-', 'TIDAK', 'TIDAK', 'TIDAK', 'TIDAK', 'TIDAK'),
(22, '1802020407140003', '', 'TIDAK', '', '0000-00-00', '-', 'TIDAK', 'TIDAK', 'TIDAK', 'TIDAK', 'TIDAK'),
(23, '3276020903150027', '', 'TIDAK', '', '0000-00-00', '-', 'TIDAK', 'TIDAK', 'TIDAK', 'TIDAK', 'TIDAK'),
(25, '3276020808070047', '', 'TIDAK', '', '0000-00-00', '-', 'TIDAK', 'TIDAK', 'TIDAK', 'TIDAK', 'TIDAK'),
(26, '3276102108130031', '', 'TIDAK', '', '0000-00-00', '-', 'TIDAK', 'TIDAK', 'TIDAK', 'TIDAK', 'TIDAK'),
(27, '3276022211070727', '', 'TIDAK', '', '0000-00-00', '-', 'TIDAK', 'TIDAK', 'TIDAK', 'TIDAK', 'TIDAK'),
(28, '3276101212110033', '', 'TIDAK', '', '0000-00-00', '-', 'TIDAK', 'TIDAK', 'TIDAK', 'TIDAK', 'TIDAK'),
(29, '3276052410070333', '', 'TIDAK', '', '0000-00-00', '-', 'TIDAK', 'TIDAK', 'TIDAK', 'TIDAK', 'TIDAK'),
(30, '3276101505150004', '', 'TIDAK', '', '0000-00-00', '-', 'TIDAK', 'TIDAK', 'TIDAK', 'TIDAK', 'TIDAK'),
(31, '3276011807140005', '', 'TIDAK', '', '0000-00-00', '-', 'TIDAK', 'TIDAK', 'TIDAK', 'TIDAK', 'TIDAK'),
(32, '3276052110090051', '', 'TIDAK', '', '0000-00-00', '-', 'TIDAK', 'TIDAK', 'TIDAK', 'TIDAK', 'TIDAK'),
(33, '3276051703150022', '', 'TIDAK', '', '0000-00-00', '-', 'TIDAK', 'TIDAK', 'TIDAK', 'TIDAK', 'TIDAK'),
(34, '3276051105100050', '', 'TIDAK', '', '0000-00-00', '-', 'TIDAK', 'TIDAK', 'TIDAK', 'TIDAK', 'TIDAK'),
(35, '3276021612090040', '', 'TIDAK', '', '0000-00-00', '-', 'TIDAK', 'TIDAK', 'TIDAK', 'TIDAK', 'TIDAK'),
(36, '-', '', 'TIDAK', '', '0000-00-00', '-', 'TIDAK', 'TIDAK', 'TIDAK', 'TIDAK', 'TIDAK'),
(37, '3276051903100014', '', 'TIDAK', '', '0000-00-00', '-', 'TIDAK', 'TIDAK', 'TIDAK', 'TIDAK', 'TIDAK'),
(38, '3276050710140031', '', 'TIDAK', '', '0000-00-00', '-', 'TIDAK', 'TIDAK', 'TIDAK', 'TIDAK', 'TIDAK'),
(39, '3276020209070017', '', 'TIDAK', '', '0000-00-00', '-', 'TIDAK', 'TIDAK', 'TIDAK', 'TIDAK', 'TIDAK'),
(40, '-1', '', 'TIDAK', '', '0000-00-00', '-', 'TIDAK', 'TIDAK', 'TIDAK', 'TIDAK', 'TIDAK'),
(41, '-2', '', 'TIDAK', '', '0000-00-00', '-', 'TIDAK', 'TIDAK', 'TIDAK', 'TIDAK', 'TIDAK'),
(42, '3276101008160005', '', 'TIDAK', '', '0000-00-00', '-', 'TIDAK', 'TIDAK', 'TIDAK', 'TIDAK', 'TIDAK'),
(43, '3276102904110017', '', 'TIDAK', '', '0000-00-00', '-', 'TIDAK', 'TIDAK', 'TIDAK', 'TIDAK', 'TIDAK'),
(44, '3276021308070054', '', 'TIDAK', '', '0000-00-00', '-', 'TIDAK', 'TIDAK', 'TIDAK', 'TIDAK', 'TIDAK'),
(45, '326101911100016', '', 'TIDAK', '', '0000-00-00', '-', 'TIDAK', 'TIDAK', 'TIDAK', 'TIDAK', 'TIDAK'),
(46, 'K23276100210120017', '', 'TIDAK', '', '0000-00-00', '-', 'TIDAK', 'TIDAK', 'TIDAK', 'TIDAK', 'TIDAK'),
(47, '3276012712070137', '', '', '', '0000-00-00', '-', '', '', '', '', ''),
(48, 'K232676102701150033', '', 'TIDAK', '', '0000-00-00', '-', 'TIDAK', 'TIDAK', 'TIDAK', 'TIDAK', 'TIDAK'),
(49, '3276102002120028', '', '', '', '0000-00-00', '-', '', '', '', '', ''),
(50, 'K2326100408110005', '', 'TIDAK', '', '0000-00-00', '-', 'TIDAK', 'TIDAK', 'TIDAK', 'TIDAK', 'TIDAK'),
(51, '-3', '', 'TIDAK', '', '0000-00-00', '-', 'TIDAK', 'TIDAK', 'TIDAK', 'TIDAK', 'TIDAK'),
(52, '3276102602180016', '', 'TIDAK', '', '0000-00-00', '-', 'TIDAK', 'TIDAK', 'TIDAK', 'TIDAK', 'TIDAK'),
(53, '3276101505150004-2', '', 'TIDAK', '', '0000-00-00', '-', 'TIDAK', 'TIDAK', 'TIDAK', 'TIDAK', 'TIDAK'),
(54, '0', '', 'TIDAK', '', '0000-00-00', '-', 'TIDAK', 'TIDAK', 'TIDAK', 'TIDAK', 'TIDAK'),
(55, '3201071405030006', '', '', '', '0000-00-00', '-', '', '', '', '', ''),
(56, '3276021008160029', '', '', '', '0000-00-00', '-', '', '', '', '', ''),
(57, '3276021610090058', '', '', '', '0000-00-00', '-', '', '', '', '', ''),
(58, '3175041205170027', '', '', '', '0000-00-00', '-', '', '', '', '', ''),
(59, '3175041205170027-2', '', '', '', '0000-00-00', '-', '', '', '', '', ''),
(60, '3276050409070182', '', '', '', '0000-00-00', '-', '', '', '', '', ''),
(61, '3376010606110010', '', '', '', '0000-00-00', '-', '', 'TIDAK', 'TIDAK', 'TIDAK', 'TIDAK'),
(62, '3376010703140001', '', '', '', '0000-00-00', '-', '', 'TIDAK', 'TIDAK', 'TIDAK', 'TIDAK'),
(63, '3276103003100077', '', '', '', '0000-00-00', '-', '', 'TIDAK', 'TIDAK', 'TIDAK', 'TIDAK'),
(64, '1871022101090028', '', '', '', '0000-00-00', '-', '', '', '', '', ''),
(65, '32760612100022', '', '', '', '0000-00-00', '-', '', '', '', '', ''),
(66, '3276012510100012', '', 'TIDAK', '', '0000-00-00', '-', 'TIDAK', 'TIDAK', 'TIDAK', 'TIDAK', 'TIDAK'),
(67, '3276022202080198', '', 'TIDAK', '', '0000-00-00', '-', 'TIDAK', 'TIDAK', 'TIDAK', 'TIDAK', 'TIDAK'),
(68, '3276011106080009', '', 'TIDAK', '', '0000-00-00', '-', 'TIDAK', 'TIDAK', 'TIDAK', 'TIDAK', 'TIDAK'),
(69, '3276011106080009-2', '', 'TIDAK', '', '0000-00-00', '-', 'TIDAK', 'TIDAK', 'TIDAK', 'TIDAK', 'TIDAK'),
(70, '3276011106080009-3', '', 'TIDAK', '', '0000-00-00', '-', 'TIDAK', 'TIDAK', 'TIDAK', 'TIDAK', 'TIDAK'),
(71, '3276050110070113', '', 'TIDAK', '', '0000-00-00', '-', 'TIDAK', 'TIDAK', 'TIDAK', 'TIDAK', 'TIDAK'),
(72, '32101302150007', '', 'TIDAK', '', '0000-00-00', '-', 'TIDAK', 'TIDAK', 'TIDAK', 'TIDAK', 'TIDAK'),
(73, '3276051410100022', '', 'TIDAK', '', '0000-00-00', '-', 'TIDAK', 'TIDAK', 'TIDAK', 'TIDAK', 'TIDAK'),
(74, '3276051410100022-2', '', 'TIDAK', '', '0000-00-00', '-', 'TIDAK', 'TIDAK', 'TIDAK', 'TIDAK', 'TIDAK'),
(75, '3276050506130013', '', 'TIDAK', '', '0000-00-00', '-', 'TIDAK', 'TIDAK', 'TIDAK', 'TIDAK', 'TIDAK'),
(76, '3276050512070110', '', 'TIDAK', '', '0000-00-00', '-', 'TIDAK', 'TIDAK', 'TIDAK', 'TIDAK', 'TIDAK'),
(77, '3276022312071329', '', 'TIDAK', '', '0000-00-00', '-', 'TIDAK', 'TIDAK', 'TIDAK', 'TIDAK', 'TIDAK'),
(78, '3276051607080023', '', '', '', '0000-00-00', '-', '', '', '', '', ''),
(79, '3276022312071329-2', '', '', '', '0000-00-00', '-', '', '', '', '', ''),
(80, '3276050502110008', '', 'TIDAK', '', '0000-00-00', '-', 'TIDAK', 'TIDAK', 'TIDAK', 'TIDAK', 'TIDAK'),
(81, '3276100205120020', '', 'TIDAK', '', '0000-00-00', '-', 'TIDAK', 'TIDAK', 'TIDAK', 'TIDAK', 'TIDAK'),
(82, '3276011106080009-4', '', '', '', '0000-00-00', '-', '', '', '', '', ''),
(83, '3276051610080057', '', 'TIDAK', '', '0000-00-00', '-', 'TIDAK', 'TIDAK', 'TIDAK', 'TIDAK', 'TIDAK'),
(84, 'K-', '', '', '', '0000-00-00', '-', '', '', '', '', ''),
(85, '3276102911100031', '', '', '', '0000-00-00', '-', '', '', '', '', ''),
(86, '3276052311070488', '', 'TIDAK', '', '0000-00-00', '-', 'TIDAK', 'TIDAK', 'TIDAK', 'TIDAK', 'TIDAK'),
(87, '3276051211070096', '', 'TIDAK', '', '0000-00-00', '-', 'TIDAK', 'TIDAK', 'TIDAK', 'TIDAK', 'TIDAK'),
(88, '3276020712090318', '', 'TIDAK', '', '0000-00-00', '-', 'TIDAK', 'TIDAK', 'TIDAK', 'TIDAK', 'TIDAK'),
(89, '3276102908130021', '', 'TIDAK', '', '0000-00-00', '-', 'TIDAK', 'TIDAK', 'TIDAK', 'TIDAK', 'TIDAK'),
(90, '3276050410170027', '', 'TIDAK', '', '0000-00-00', '-', 'TIDAK', 'TIDAK', 'TIDAK', 'TIDAK', 'TIDAK'),
(91, '3276081706100039', '', 'TIDAK', '', '0000-00-00', '-', 'TIDAK', 'TIDAK', 'TIDAK', 'TIDAK', 'TIDAK'),
(92, '327602411090021', '', 'TIDAK', '', '0000-00-00', '-', 'TIDAK', 'TIDAK', 'TIDAK', 'TIDAK', 'TIDAK'),
(93, '3276060705140006', '', 'TIDAK', '', '0000-00-00', '-', 'TIDAK', 'TIDAK', 'TIDAK', 'TIDAK', 'TIDAK'),
(94, '320325192711313', '', 'TIDAK', '', '0000-00-00', '-', 'TIDAK', 'TIDAK', 'TIDAK', 'TIDAK', 'TIDAK'),
(95, '3276051308120009', '', 'TIDAK', '', '0000-00-00', '-', 'TIDAK', 'TIDAK', 'TIDAK', 'TIDAK', 'TIDAK'),
(96, '3276051308120009-2', '', '', '', '0000-00-00', '-', '', '', '', '', ''),
(97, '3171051701096279', '', 'TIDAK', '', '0000-00-00', '-', 'TIDAK', 'TIDAK', 'TIDAK', 'TIDAK', 'TIDAK'),
(98, '3171050202160007', '', 'TIDAK', '', '0000-00-00', '-', 'TIDAK', 'TIDAK', 'TIDAK', 'TIDAK', 'TIDAK'),
(99, '3175042901095400', '', 'TIDAK', '', '0000-00-00', '-', 'TIDAK', 'TIDAK', 'TIDAK', 'TIDAK', 'TIDAK'),
(100, '3276072306160003', '', 'TIDAK', '', '0000-00-00', '-', 'TIDAK', 'TIDAK', 'TIDAK', 'TIDAK', 'TIDAK'),
(101, '3276101310110004', '', 'TIDAK', '', '0000-00-00', '-', 'TIDAK', 'TIDAK', 'TIDAK', 'TIDAK', 'TIDAK'),
(102, '3276101402170004', '', 'TIDAK', '', '0000-00-00', '-', 'TIDAK', 'TIDAK', 'TIDAK', 'TIDAK', 'TIDAK'),
(103, '3276012907110043', '', 'TIDAK', '', '0000-00-00', '-', 'TIDAK', 'TIDAK', 'TIDAK', 'TIDAK', 'TIDAK'),
(104, '3276012402180008', '', 'TIDAK', '', '0000-00-00', '-', 'TIDAK', 'TIDAK', 'TIDAK', 'TIDAK', 'TIDAK'),
(105, '3276021109070049', '', 'TIDAK', '', '0000-00-00', '-', 'TIDAK', 'TIDAK', 'TIDAK', 'TIDAK', 'TIDAK'),
(106, '3276101405130042', '', '', 'IAT', '0000-00-00', '-', '', '', '', '', ''),
(107, '3276081508160009', '', '', '', '0000-00-00', '-', '', '', '', '', ''),
(108, '3276052701180002', '', '', '', '0000-00-00', '-', '', '', '', '', ''),
(109, '3276101109140020', '', '', 'IAT', '0000-00-00', '-', '', '', '', '', ''),
(110, '3276100509130021', '', '', 'IAT', '0000-00-00', '-', '', '', '', '', ''),
(111, '3276083011160011', '', '', 'IAT', '0000-00-00', '-', '', '', '', '', ''),
(112, '3276101304180020', '', '', 'IAT', '0000-00-00', '-', '', '', '', '', ''),
(113, '3276022101160039', '', 'TIDAK', '', '0000-00-00', '-', 'TIDAK', 'TIDAK', 'TIDAK', 'TIDAK', 'TIDAK'),
(114, '3276021904170001', '', '', '', '0000-00-00', '-', '', '', '', '', '');

-- --------------------------------------------------------

--
-- Table structure for table `tbl_kontrak`
--

CREATE TABLE `tbl_kontrak` (
  `no_kontrak` varchar(30) NOT NULL,
  `nama` varchar(40) NOT NULL,
  `tgl_mulai` date NOT NULL,
  `tgl_akhir` date NOT NULL,
  `status` enum('Aktif','Tidak Aktif') NOT NULL
) ENGINE=InnoDB DEFAULT CHARSET=latin1;

-- --------------------------------------------------------

--
-- Table structure for table `tbl_lembaga`
--

CREATE TABLE `tbl_lembaga` (
  `id_lembaga` int(11) NOT NULL,
  `nama_lembaga` text NOT NULL,
  `alamat` text NOT NULL,
  `telp` text NOT NULL,
  `fax` text NOT NULL,
  `email` text NOT NULL,
  `website` text NOT NULL
) ENGINE=InnoDB DEFAULT CHARSET=latin1;

--
-- Dumping data for table `tbl_lembaga`
--

INSERT INTO `tbl_lembaga` (`id_lembaga`, `nama_lembaga`, `alamat`, `telp`, `fax`, `email`, `website`) VALUES
(1, 'Rusunawa Depok', 'Jl. Banjaran Pucung No.66, Cilangkap, Tapos, Kota Depok, Jawa Barat 16451', 'Telp -', 'Fax -', 'Email -', 'Website -');

-- --------------------------------------------------------

--
-- Table structure for table `tbl_m_user`
--

CREATE TABLE `tbl_m_user` (
  `user_id` int(11) NOT NULL,
  `user_name` varchar(40) NOT NULL,
  `user_password` varchar(40) NOT NULL,
  `user_nama` varchar(40) NOT NULL,
  `user_role` int(11) NOT NULL
) ENGINE=InnoDB DEFAULT CHARSET=latin1;

--
-- Dumping data for table `tbl_m_user`
--

INSERT INTO `tbl_m_user` (`user_id`, `user_name`, `user_password`, `user_nama`, `user_role`) VALUES
(1, 'admin', 'admin123', 'Administrator', 0),
(2, 'operator', 'operator123', 'Operator', 1);

-- --------------------------------------------------------

--
-- Table structure for table `tbl_pembayaran`
--

CREATE TABLE `tbl_pembayaran` (
  `no_transaksi` varchar(30) NOT NULL,
  `tgl_transaksi` date NOT NULL,
  `jatuh_tempo` date NOT NULL,
  `id_pelanggan` text NOT NULL,
  `bulan` text NOT NULL,
  `jumlah` text NOT NULL,
  `keterangan` enum('LUNAS','BELUM BAYAR','MENUNGGAK') NOT NULL,
  `id_user` text NOT NULL
) ENGINE=InnoDB DEFAULT CHARSET=latin1;

--
-- Dumping data for table `tbl_pembayaran`
--

INSERT INTO `tbl_pembayaran` (`no_transaksi`, `tgl_transaksi`, `jatuh_tempo`, `id_pelanggan`, `bulan`, `jumlah`, `keterangan`, `id_user`) VALUES
('-1', '1899-12-31', '2019-03-10', 'B213', 'Februari 2019', '225000', 'MENUNGGAK', '176'),
('-2', '1899-12-31', '2019-03-10', 'B324', 'Februari 2019', '200000', 'MENUNGGAK', '176'),
('-3', '1899-12-31', '2019-03-10', 'B220', 'Februari 2019', '225000', 'MENUNGGAK', '176'),
('0', '1899-12-31', '2019-03-10', 'B119', 'Februari 2019', '250000', 'MENUNGGAK', '176'),
('1802020407140003', '1899-12-31', '2019-03-10', 'B124 ', 'Februari 2019', '250000', 'MENUNGGAK', '176'),
('1871022101090028', '1899-12-31', '2019-03-10', 'A219', 'Februari 2019', '225000', 'MENUNGGAK', '176'),
('3171030306160015', '1899-12-31', '2019-03-10', 'B216', 'Februari 2019', '225000', 'MENUNGGAK', '176'),
('3171031701099310', '1899-12-31', '2019-03-10', 'B208', 'Februari 2019', '225000', 'MENUNGGAK', '176'),
('3171050202160007', '1899-12-31', '2019-03-10', 'C111', 'Februari 2019', '250000', 'MENUNGGAK', '176'),
('3171051701096279', '1899-12-31', '2019-03-10', 'C112', 'Februari 2019', '250000', 'MENUNGGAK', '176'),
('3175041205170027', '1899-12-31', '2019-03-10', 'A317 ', 'Februari 2019', '200000', 'MENUNGGAK', '176'),
('3175041205170027-2', '1899-12-31', '2019-03-10', 'A318', 'Februari 2019', '200000', 'MENUNGGAK', '176'),
('3175042901095400', '1899-12-31', '2019-03-10', 'C117', 'Februari 2019', '250000', 'MENUNGGAK', '176'),
('3175051201097403', '1899-12-31', '2019-03-10', 'B116', 'Februari 2019', '250000', 'MENUNGGAK', '176'),
('3201011907110050', '1899-12-31', '2019-03-10', 'B108 ', 'Februari 2019', '250000', 'MENUNGGAK', '176'),
('3201071405030006', '1899-12-31', '2019-03-10', 'A217', 'Februari 2019', '225000', 'MENUNGGAK', '176'),
('320325192711313', '1899-12-31', '2019-03-10', 'C118 ', 'Februari 2019', '250000', 'MENUNGGAK', '176'),
('32101302150007', '1899-12-31', '2019-03-10', 'A313 ', 'Februari 2019', '200000', 'MENUNGGAK', '176'),
('326101911100016', '1899-12-31', '2019-03-10', 'B214', 'Februari 2019', '225000', 'MENUNGGAK', '176'),
('3276011106080009', '1899-12-31', '2019-03-10', 'A114', 'Februari 2019', '250000', 'MENUNGGAK', '176'),
('3276011106080009-2', '1899-12-31', '2019-03-10', 'A114', 'Februari 2019', '250000', 'MENUNGGAK', '176'),
('3276011106080009-3', '1899-12-31', '2019-03-10', 'A111', 'Februari 2019', '250000', 'MENUNGGAK', '176'),
('3276011106080009-4', '1899-12-31', '2019-03-10', 'A115', 'Februari 2019', '250000', 'MENUNGGAK', '176'),
('3276011807140005', '1899-12-31', '2019-03-10', 'B111 ', 'Februari 2019', '250000', 'MENUNGGAK', '176'),
('3276012402180008', '1899-12-31', '2019-03-10', 'C104', 'Februari 2019', '250000', 'MENUNGGAK', '176'),
('3276012510100012', '1899-12-31', '2019-03-10', 'A221', 'Februari 2019', '225000', 'MENUNGGAK', '176'),
('3276012712070137', '1899-12-31', '2019-03-10', 'B107', 'Februari 2019', '250000', 'MENUNGGAK', '176'),
('3276012907110043', '1899-12-31', '2019-03-10', 'C103 ', 'Februari 2019', '250000', 'MENUNGGAK', '176'),
('3276020209070017', '1899-12-31', '2019-03-10', 'B311', 'Februari 2019', '200000', 'MENUNGGAK', '176'),
('3276020211090042', '1899-12-31', '2019-03-10', 'B205 ', 'Februari 2019', '225000', 'MENUNGGAK', '176'),
('3276020211090056', '1899-12-31', '2019-03-10', 'B206', 'Februari 2019', '225000', 'MENUNGGAK', '176'),
('3276020712090318', '1899-12-31', '2019-03-10', 'A101 ', 'Februari 2019', '250000', 'MENUNGGAK', '176'),
('3276020808070047', '1899-12-31', '2019-03-10', 'B105 ', 'Februari 2019', '250000', 'MENUNGGAK', '176'),
('3276020901140024', '1899-12-31', '2019-03-10', 'B104 ', 'Februari 2019', '250000', 'MENUNGGAK', '176'),
('3276020903150027', '1899-12-31', '2019-03-10', 'B120 ', 'Februari 2019', '250000', 'MENUNGGAK', '176'),
('3276021008160029', '1899-12-31', '2019-03-10', 'A123', 'Februari 2019', '250000', 'MENUNGGAK', '176'),
('3276021109070049', '1899-12-31', '2019-03-10', 'C116', 'Februari 2019', '250000', 'MENUNGGAK', '176'),
('3276021308070054', '1899-12-31', '2019-03-10', 'B204', 'Februari 2019', '225000', 'MENUNGGAK', '176'),
('3276021610090058', '1899-12-31', '2019-03-10', 'A109', 'Februari 2019', '250000', 'MENUNGGAK', '176'),
('3276021612070967', '1899-12-31', '2019-03-10', 'B109 ', 'Februari 2019', '250000', 'MENUNGGAK', '176'),
('3276021612090040', '1899-12-31', '2019-03-10', 'B123', 'Februari 2019', '250000', 'MENUNGGAK', '176'),
('3276021904170001', '1899-12-31', '2019-07-10', 'B113', 'Juni 2019', '250000', 'BELUM BAYAR', '176'),
('3276022101160039', '1899-12-31', '2019-07-10', 'B311', 'Juni 2019', '200000', 'BELUM BAYAR', '176'),
('3276022202080198', '1899-12-31', '2019-03-10', 'A222 ', 'Februari 2019', '225000', 'MENUNGGAK', '176'),
('3276022211070727', '1899-12-31', '2019-03-10', 'B110 ', 'Februari 2019', '250000', 'MENUNGGAK', '176'),
('3276022312071329', '1899-12-31', '2019-03-10', 'A306 ', 'Februari 2019', '200000', 'MENUNGGAK', '176'),
('3276022312071329-2', '1899-12-31', '2019-03-10', 'A210', 'Februari 2019', '225000', 'MENUNGGAK', '176'),
('327602411090021', '1899-12-31', '2019-03-10', 'C113', 'Februari 2019', '250000', 'MENUNGGAK', '176'),
('3276032604100001', '1899-12-31', '2019-03-10', 'B221 ', 'Februari 2019', '225000', 'MENUNGGAK', '176'),
('3276050110070113', '1899-12-31', '2019-03-10', 'A303 ', 'Februari 2019', '200000', 'MENUNGGAK', '176'),
('3276050409070182', '1899-12-31', '2019-03-10', 'A314', 'Februari 2019', '200000', 'MENUNGGAK', '176'),
('3276050410170027', '1899-12-31', '2019-03-10', 'C213', 'Februari 2019', '225000', 'MENUNGGAK', '176'),
('3276050502110008', '1899-12-31', '2019-03-10', 'A121', 'Februari 2019', '250000', 'MENUNGGAK', '176'),
('3276050506130013', '1899-12-31', '2019-03-10', 'A207', 'Februari 2019', '225000', 'MENUNGGAK', '176'),
('3276050512070110', '1899-12-31', '2019-03-10', 'A307', 'Februari 2019', '200000', 'MENUNGGAK', '176'),
('3276050710140031', '1899-12-31', '2019-03-10', 'B321', 'Februari 2019', '200000', 'MENUNGGAK', '176'),
('3276050912080090', '1899-12-31', '2019-03-10', 'B323 ', 'Februari 2019', '200000', 'MENUNGGAK', '176'),
('3276051105100050', '1899-12-31', '2019-03-10', 'B301 ', 'Februari 2019', '200000', 'MENUNGGAK', '176'),
('3276051211070096', '1899-12-31', '2019-03-10', 'A206', 'Februari 2019', '225000', 'MENUNGGAK', '176'),
('3276051308120009', '1899-12-31', '2019-03-10', 'C123', 'Februari 2019', '250000', 'MENUNGGAK', '176'),
('3276051308120009-2', '1899-12-31', '2019-03-10', 'C124', 'Februari 2019', '250000', 'MENUNGGAK', '176'),
('3276051410100022', '1899-12-31', '2019-03-10', 'A214 ', 'Februari 2019', '225000', 'MENUNGGAK', '176'),
('3276051410100022-2', '1899-12-31', '2019-03-10', 'A213 ', 'Februari 2019', '225000', 'MENUNGGAK', '176'),
('3276051607080023', '1899-12-31', '2019-03-10', 'A306', 'Februari 2019', '200000', 'MENUNGGAK', '176'),
('3276051610080057', '1899-12-31', '2019-03-10', 'A112 ', 'Februari 2019', '250000', 'MENUNGGAK', '176'),
('3276051703150022', '1899-12-31', '2019-03-10', 'B322', 'Februari 2019', '200000', 'MENUNGGAK', '176'),
('3276051903100014', '1899-12-31', '2019-03-10', 'B302', 'Februari 2019', '200000', 'MENUNGGAK', '176'),
('3276052110090051', '1899-12-31', '2019-03-10', 'B313 ', 'Februari 2019', '200000', 'MENUNGGAK', '176'),
('3276052311070488', '1899-12-31', '2019-03-10', 'A201 ', 'Februari 2019', '225000', 'MENUNGGAK', '176'),
('3276052410070333', '1899-12-31', '2019-03-10', 'B224 ', 'Februari 2019', '225000', 'MENUNGGAK', '176'),
('3276052509070388', '1899-12-31', '2019-03-10', 'B122 ', 'Februari 2019', '250000', 'MENUNGGAK', '176'),
('3276052701180002', '1899-12-31', '2019-07-10', 'A202', 'Juni 2019', '225000', 'BELUM BAYAR', '176'),
('3276053010130006', '1899-12-31', '2019-03-10', 'B113 ', 'Februari 2019', '250000', 'MENUNGGAK', '176'),
('3276060705140006', '1899-12-31', '2019-03-10', 'C119', 'Februari 2019', '250000', 'MENUNGGAK', '176'),
('32760612100022', '1899-12-31', '2019-03-10', 'A220', 'Februari 2019', '225000', 'MENUNGGAK', '176'),
('3276072306160003', '1899-12-31', '2019-03-10', 'C120 ', 'Februari 2019', '250000', 'MENUNGGAK', '176'),
('3276080703140008', '1899-12-31', '2019-03-10', 'B212 ', 'Februari 2019', '225000', 'MENUNGGAK', '176'),
('3276081508160009', '1899-12-31', '2019-07-10', 'B317', 'Juni 2019', '200000', 'BELUM BAYAR', '176'),
('3276081706100039', '1899-12-31', '2019-03-10', 'C101', 'Februari 2019', '250000', 'MENUNGGAK', '176'),
('3276082402100015', '1899-12-31', '2019-03-10', 'B207 ', 'Februari 2019', '225000', 'MENUNGGAK', '176'),
('3276083011160011', '1899-12-31', '2019-07-10', 'B319', 'Juni 2019', '200000', 'BELUM BAYAR', '176'),
('3276083105160015', '1899-12-31', '2019-03-10', 'B217 ', 'Februari 2019', '225000', 'MENUNGGAK', '176'),
('3276100112150011', '1899-12-31', '2019-03-10', 'B114 ', 'Februari 2019', '250000', 'MENUNGGAK', '176'),
('3276100205120020', '1899-12-31', '2019-03-10', 'A118', 'Februari 2019', '250000', 'MENUNGGAK', '176'),
('3276100210120017', '1899-12-31', '2019-03-10', 'B102', 'Februari 2019', '250000', 'MENUNGGAK', '176'),
('3276100408110005', '1899-12-31', '2019-03-10', 'B118 ', 'Februari 2019', '250000', 'MENUNGGAK', '176'),
('3276100509130021', '1899-12-31', '2019-07-10', 'B306', 'Juni 2019', '200000', 'BELUM BAYAR', '176'),
('3276100703160010', '1899-12-31', '2019-03-10', 'B201 ', 'Februari 2019', '225000', 'MENUNGGAK', '176'),
('3276101008160005', '1899-12-31', '2019-03-10', 'B313', 'Februari 2019', '200000', 'MENUNGGAK', '176'),
('3276101109140020', '1899-12-31', '2019-07-10', 'B318', 'Juni 2019', '200000', 'BELUM BAYAR', '176'),
('3276101212110033', '1899-12-31', '2019-03-10', 'B101', 'Februari 2019', '250000', 'MENUNGGAK', '176'),
('3276101304180020', '1899-12-31', '2019-07-10', 'B210 ', 'Juni 2019', '225000', 'BELUM BAYAR', '176'),
('3276101310110004', '1899-12-31', '2019-03-10', 'C108 ', 'Februari 2019', '250000', 'MENUNGGAK', '176'),
('3276101402170004', '1899-12-31', '2019-03-10', 'C105', 'Februari 2019', '250000', 'MENUNGGAK', '176'),
('3276101405130042', '1899-12-31', '2019-07-10', 'C224', 'Juni 2019', '225000', 'BELUM BAYAR', '176'),
('3276101505150004', '1899-12-31', '2019-03-10', 'B202 ', 'Februari 2019', '225000', 'MENUNGGAK', '176'),
('3276101505150004-2', '1899-12-31', '2019-03-10', 'B202', 'Februari 2019', '225000', 'MENUNGGAK', '176'),
('3276102002120028', '1899-12-31', '2019-03-10', 'B215', 'Februari 2019', '225000', 'MENUNGGAK', '176'),
('3276102108130031', '1899-12-31', '2019-03-10', 'B218 ', 'Februari 2019', '225000', 'MENUNGGAK', '176'),
('3276102602180016', '1899-12-31', '2019-03-10', 'B112', 'Februari 2019', '250000', 'MENUNGGAK', '176'),
('3276102701150033', '1899-12-31', '2019-03-10', 'B223 ', 'Februari 2019', '225000', 'MENUNGGAK', '176'),
('3276102705160003', '1899-12-31', '2019-03-10', 'B210', 'Februari 2019', '225000', 'MENUNGGAK', '176'),
('3276102904110017', '1899-12-31', '2019-03-10', 'B203', 'Februari 2019', '225000', 'MENUNGGAK', '176'),
('3276102908130021', '1899-12-31', '2019-03-10', 'A104 ', 'Februari 2019', '250000', 'MENUNGGAK', '176'),
('3276102911100031', '1899-12-31', '2019-03-10', 'A203 ', 'Februari 2019', '225000', 'MENUNGGAK', '176'),
('3276103003100077', '1899-12-31', '2019-03-10', 'A105', 'Februari 2019', '250000', 'MENUNGGAK', '176'),
('3302032205120002', '1899-12-31', '2019-03-10', 'B117 ', 'Februari 2019', '250000', 'MENUNGGAK', '176'),
('3376010606110010', '1899-12-31', '2019-03-10', 'A311', 'Februari 2019', '200000', 'MENUNGGAK', '176'),
('3376010703140001', '1899-12-31', '2019-03-10', 'A310', 'Februari 2019', '200000', 'MENUNGGAK', '176'),
('K-', '1899-12-31', '2019-03-10', 'A108 ', 'Februari 2019', '250000', 'MENUNGGAK', '176'),
('K2326100408110005', '1899-12-31', '2019-03-10', 'B219', 'Februari 2019', '225000', 'MENUNGGAK', '176'),
('K232676102701150033', '1899-12-31', '2019-03-10', 'B222', 'Juni 2019', '225000', 'MENUNGGAK', '176'),
('K23276100210120017', '1899-12-31', '2019-03-10', 'B103', 'Juli 2019', '250000', 'MENUNGGAK', '176');

-- --------------------------------------------------------

--
-- Table structure for table `tbl_pembelian_token`
--

CREATE TABLE `tbl_pembelian_token` (
  `no_transaksi` varchar(30) NOT NULL,
  `tgl_transaksi` timestamp NOT NULL DEFAULT CURRENT_TIMESTAMP ON UPDATE CURRENT_TIMESTAMP,
  `total_bayar` int(11) NOT NULL,
  `id_token` int(11) NOT NULL,
  `id_user` varchar(20) NOT NULL
) ENGINE=InnoDB DEFAULT CHARSET=latin1;

--
-- Dumping data for table `tbl_pembelian_token`
--

INSERT INTO `tbl_pembelian_token` (`no_transaksi`, `tgl_transaksi`, `total_bayar`, `id_token`, `id_user`) VALUES
('TRT0000117052019', '2019-05-17 04:58:48', 20000, 1, '176'),
('TRT0000217052019', '2019-05-17 05:35:19', 20000, 1, '176'),
('TRT0000317052019', '2019-05-17 05:53:23', 20000, 1, '176'),
('TRT0000417052019', '2019-05-17 06:27:25', 0, 2, '176');

-- --------------------------------------------------------

--
-- Table structure for table `tbl_penduduk`
--

CREATE TABLE `tbl_penduduk` (
  `id_pend` int(11) NOT NULL,
  `id_kk` text NOT NULL,
  `nik` text NOT NULL,
  `nama` text NOT NULL,
  `status_kk` text NOT NULL,
  `jenis_kelamin` text NOT NULL,
  `tmpt_lahir` text NOT NULL,
  `tgl_lahir` date NOT NULL,
  `agama` text NOT NULL,
  `akte` text NOT NULL,
  `pendidikan` text NOT NULL,
  `pekerjaan` text NOT NULL,
  `status_kawin` text NOT NULL,
  `usia_kawin_pertama` text NOT NULL,
  `status_hidup` enum('Masih Hidup','Sudah Meninggal') NOT NULL
) ENGINE=InnoDB DEFAULT CHARSET=latin1;

--
-- Dumping data for table `tbl_penduduk`
--

INSERT INTO `tbl_penduduk` (`id_pend`, `id_kk`, `nik`, `nama`, `status_kk`, `jenis_kelamin`, `tmpt_lahir`, `tgl_lahir`, `agama`, `akte`, `pendidikan`, `pekerjaan`, `status_kawin`, `usia_kawin_pertama`, `status_hidup`) VALUES
(1, '3171031701099310', '3171031401710001', 'ABDUL SYUKUR', 'KK', 'LK', 'JAKARTA', '1971-01-14', 'ISLAM', 'YA', 'SD/Sederajat', 'BURUH HARIAN LEPAS', 'K', '', 'Masih Hidup'),
(2, '3276020211090042', '3276022012570008', 'JAINUDIN', 'KK', 'LK', 'SUKABUMI', '1957-12-20', 'ISLAM', 'YA', 'SD/Sederajat', 'BURUH HARIAN LEPAS', 'BK', '', 'Masih Hidup'),
(3, '3276100703160010', '3174056707840017', 'ERNITA PRIMA JULIANTY', 'ISTRI', 'P', 'JAKARTA', '1984-07-27', 'ISLAM', 'YA', 'DIPLOMA', 'KARYAWAN SWASTA', 'K', '', 'Masih Hidup'),
(4, '3276102701150033', '3174036506790003', 'MIRA TANIA REKOMINARMA', 'KK', 'P', 'JAKARTA', '1979-06-25', 'ISLAM', 'YA', 'DIPLOMA', 'KARYAWAN HONORER', 'K', '', 'Masih Hidup'),
(5, '3276032604100001', '3276032108690003', 'DIANING TAMTOMO', 'KK', 'LK', 'JAKARTA', '1969-08-21', 'ISLAM', 'YA', 'DIPLOMA', 'KARYAWAN SWASTA', 'K', '', 'Masih Hidup'),
(6, '3276020211090056', '3276020202750013', ' FERY WISMA BAYU SETO', 'KK', 'LK', 'JAKARTA', '1975-02-02', 'ISLAM', 'YA', 'SMA/Sederajat', 'KARYAWAN SWASTA', 'K', '', 'Masih Hidup'),
(7, '3276102705160003', '3276024502780005', 'DEWI ROSARIA INDAH HERAWATI', 'KK', 'P', 'CIANJUR', '1978-02-05', 'ISLAM', 'YA', 'SMP/Sederajat', 'KARYAWAN SWASTA', 'D/J/C', '', 'Masih Hidup'),
(8, '3171030306160015', '1571030501820181', 'EKA WAHYUDI', 'KK', 'LK', 'JAKARTA', '1982-01-05', 'ISLAM', 'YA', 'SMA/Sederajat', 'KARYAWAN SWASTA', 'K', '', 'Masih Hidup'),
(9, '3276100210120017', '3276102508800007', 'BEDY AGUS FIRMANSYAH', 'KK', 'LK', 'JEMBER', '1980-08-25', 'ISLAM', 'YA', 'SMA/Sederajat', 'KARYAWAN SWASTA', 'K', '', 'Masih Hidup'),
(10, '3175051201097403', '3175051501580005', 'ACEP BIN KOMAR', 'KK', 'LK', 'JAKARTA', '1958-01-15', 'ISLAM', 'YA', 'SMP/Sederajat', 'BURUH HARIAN LEPAS', 'K', '', 'Masih Hidup'),
(11, '3276020901140024', '327602011820011', 'MIKA MP SITUMORANG', 'KK', 'LK', 'JAKARTA', '1982-11-01', 'ISLAM', 'YA', 'SMA/Sederajat', 'KARYAWAN SWASTA', 'K', '-', 'Masih Hidup'),
(12, '3276083105160015', '3276050901830004', 'AGUNG MULYANA', 'KK', 'LK', 'JAKARTA', '1983-01-09', 'ISLAM', 'YA', 'DIPLOMA', 'KARYAWAN SWASTA', 'K', '', 'Masih Hidup'),
(13, '3276052509070388', '3276050809710006', 'ANDI MISRANI', 'KK', 'LK', 'JAKARTA', '1971-09-08', 'ISLAM', 'YA', 'SMA/Sederajat', 'KARYAWAN SWASTA', 'K', '', 'Masih Hidup'),
(14, '3276080703140008', '3276050311800017', 'NOVI IRAWAN', 'KK', 'LK', 'JAKARTA', '1980-11-03', 'ISLAM', 'YA', 'SMA/Sederajat', 'KARYAWAN  SWASTA', 'K', '-', 'Masih Hidup'),
(15, '3276021612070967', '3276021612070967', 'HENDRO PRABOWO', 'KK', 'LK', 'JAKARTA', '1975-05-08', 'ISLAM', 'YA', 'SD/Sederajat', 'KARYAWAN SWASTA', 'D/J/C', '-', 'Masih Hidup'),
(16, '3276100408110005', '3276104412650001', 'DESRI YANTI', 'KK', 'P', 'JAKARTA', '1965-12-04', 'ISLAM', 'YA', 'SMP/Sederajat', 'MENGURUS RUMAH TANGGA', 'D/J/C', '-', 'Masih Hidup'),
(17, '3201011907110050', '3201010703850008', 'RASTAM', 'KK', 'LK', 'KUNINGAN', '1985-03-07', 'ISLAM', 'YA', 'SMP/Sederajat', 'KARYAWAN SWASTA', 'K', '-', 'Masih Hidup'),
(18, '3276082402100015', '3276081912950001', 'KIROM ZAMRONI', 'KK', 'LK', 'PEMALANG', '1985-12-19', 'ISLAM', 'YA', 'SMA/Sederajat', 'KARYAWAN SWASTA', 'K', '', 'Masih Hidup'),
(19, '3276050912080090', '1812046803930004', 'IDA HARYANI', 'ISTRI', 'P', 'TERANG MULYA', '1993-03-28', 'ISLAM', 'YA', 'SMA/Sederajat', 'WIRASWASTA', 'K', '-', 'Masih Hidup'),
(20, '3276100112150011', '3276026010630003', 'WANTI', 'KK', 'P', 'BOGOR', '1963-10-20', 'ISLAM', 'YA', 'SD/Sederajat', 'MENGURUIS RUMAH TANGGA', 'D/J/C', '-', 'Masih Hidup'),
(21, '3302032205120002', '3302031105770004', 'SODERI', 'KK', 'LK', 'BANYUMAS', '1977-05-11', 'ISLAM', 'YA', 'SMA/Sederajat', 'KARYAWAN SWASTA', 'K', '-', 'Masih Hidup'),
(22, '1802020407140003', '1802025307600001', 'MARSINAH', 'KK', 'P', 'PONOROGO', '1960-07-13', 'ISLAM', 'YA', 'SD/Sederajat', 'PETANI', 'D/J/C', '-', 'Masih Hidup'),
(23, '3276020903150027', '3276063112820003', 'ARIPIN', 'KK', 'LK', 'BUNGTIANG', '1982-12-31', 'ISLAM', 'YA', 'SMA/Sederajat', 'KARYAWAN SWASTA', 'K', '-', 'Masih Hidup'),
(25, '3276020808070047', '3276020206610001', 'MARAMIS AL CHOLIS', 'KK', 'LK', 'WONOSOBO', '1961-06-02', 'ISLAM', 'YA', 'SD/Sederajat', 'KARYAWAN SWASTA', 'K', '-', 'Masih Hidup'),
(26, '3276102108130031', '3204155708890019', 'SARIPAH', 'KK', 'P', 'BANDUNG', '1989-08-17', 'ISLAM', 'YA', 'SD/Sederajat', 'MENGURUS RUMAH TANGGA', 'D/J/C', '-', 'Masih Hidup'),
(27, '3276022211070727', '3276021708600010', 'WIRYO', 'KK', 'LK', 'INDRAMAYU', '1960-08-17', 'ISLAM', 'YA', 'SD/Sederajat', 'WIRASWASTA', 'D/J/C', '-', 'Masih Hidup'),
(28, '3276101212110033', '3276100607880001', 'DINAR ARIS SUSANTO', 'KK', 'LK', 'BOGOR', '1988-07-06', 'ISLAM', 'YA', 'SMA/Sederajat', 'DRIVER', 'K', '-', 'Masih Hidup'),
(29, '3276052410070333', '3276050109710001', 'TRINAMIKA WIBOWO', 'KK', 'LK', 'JAKARTA', '1971-09-01', 'ISLAM', 'YA', 'SMA/Sederajat', 'KARYAWAN SWASTA', 'K', '-', 'Masih Hidup'),
(30, '3276101505150004', '3276025301810002', 'INDRI PUSPITA', 'KK', 'P', 'JAKARTA', '1981-01-13', 'ISLAM', 'YA', 'SMP/Sederajat', 'MENGURUS RUMAH TANGGA', 'D/J/C', '-', 'Masih Hidup'),
(31, '3276011807140005', '3276012102680005', 'MUHAMMAD SIFATUROHMAN', 'KK', 'LK', 'BREBES', '1968-02-21', 'ISLAM', 'YA', 'SMA/Sederajat', 'KARYAWAN SWASTA', 'K', '-', 'Masih Hidup'),
(32, '3276052110090051', '3276051502740008', 'SUBAHAN', 'KK', 'LK', 'JAKARTA', '1974-02-15', 'ISLAM', 'YA', 'SMP/Sederajat', 'BURUH HARIAN LEPAS', 'K', '-', 'Masih Hidup'),
(33, '3276051703150022', '3276056203760004', 'LAURA SILVIA MARGARET', 'KK', 'P', 'JAKARTA', '1976-03-22', 'ISLAM', 'YA', 'SMA/Sederajat', 'MENGURUS RUMAH TANGGA', 'D/J/C', '-', 'Masih Hidup'),
(34, '3276051105100050', '3276052005550008', 'BAHARUDIN', 'KK', 'LK', 'CIREBON', '1955-05-20', 'ISLAM', 'YA', 'SMP/Sederajat', 'WIRASWASTA', 'K', '-', 'Masih Hidup'),
(35, '3276021612090040', '3276021512670014', 'ANDI SUGIHARTO', 'KK', 'LK', 'JAKARTA', '1967-12-15', 'ISLAM', 'YA', 'SMA/Sederajat', 'KARYAWAN SWASTA', 'K', '-', 'Masih Hidup'),
(36, '-', '3306071010670002', 'HERMANSYAH', 'KK', 'LK', 'PALEMBANG', '1967-10-10', 'ISLAM', 'YA', 'SARJANA', 'WIRASWASTA', 'K', '-', 'Masih Hidup'),
(37, '3276051903100014', '3276052306810006', 'ENDANG ', 'KK', 'LK', 'JAKARTA', '1981-06-23', 'ISLAM', 'YA', 'SMA/Sederajat', 'WIRASWASTA', 'K', '-', 'Masih Hidup'),
(38, '3276050710140031', '3276052504820003', 'PARIWIBOWO', 'KK', 'LK', 'JAKARTA', '1982-04-25', 'ISLAM', 'YA', 'SMA/Sederajat', 'KARYAWAN SWASTA', 'K', '-', 'Masih Hidup'),
(39, '3276020209070017', '3276022505870001', 'SOLEH ENCANG DURACHMAN', 'KK', 'LK', 'BOGOR', '1987-05-25', 'ISLAM', 'YA', 'SMA/Sederajat', 'KARYAWAN SWASTA', 'K', '-', 'Masih Hidup'),
(40, '-1', '3276021408850007', 'AGUS TOMI WIBOWO', 'KK', 'LK', 'PALEMBANG', '1985-08-14', 'ISLAM', 'YA', 'SMA/Sederajat', 'WIRASWASTA', 'K', '-', 'Masih Hidup'),
(41, '-2', '3276051510890013', 'HENDRI LANA', 'KK', 'LK', 'INDRAMAYU', '1989-10-15', 'ISLAM', 'YA', 'SMA/Sederajat', 'KARYAWAN SWASTA', 'K', '-', 'Masih Hidup'),
(42, '3276052110090051', '3276086109050002', 'SITI NABILA ZAHRAH', 'ANAK', 'P', 'DEPOK', '2019-01-23', 'ISLAM', 'YA', 'BELUM TAMAT SD/Sederajat', 'PELAJAR/MAHASISWA', 'BK', '-', 'Masih Hidup'),
(43, '3276052110090051', '32760849001100002', 'NAZWA AZAHRA', 'ANAK', 'P', 'DEPOK', '2010-01-09', 'ISLAM', 'YA', '-', '-', 'BK', '-', 'Masih Hidup'),
(44, '3276052110090051', '3276056807800012', 'SRI DIANA', 'ISTRI', 'P', 'DEPOK', '1980-07-28', 'ISLAM', 'YA', 'SMP/Sederajat', 'MENGURUS RUMAH TANGGA', 'K', '-', 'Masih Hidup'),
(45, '3276101008160005', '3276051805690006', 'MOHAMMAD SUBHAN', 'KK', 'LK', 'JAKARTA', '1969-05-18', 'ISLAM', 'YA', 'SMA/Sederajat', 'SOPIR', 'K', '-', 'Masih Hidup'),
(46, '3276021308070054', '3276020309610001', 'SURATMAN', 'KK', 'LK', 'KEBUMEN', '1961-09-03', 'ISLAM', 'YA', 'SMA/Sederajat', 'PEDAGANG', 'K', '-', 'Masih Hidup'),
(47, '326101911100016', '3276104206570003', 'SURYAWATI', 'KK', 'P', 'CIANJUR', '1957-06-02', 'ISLAM', 'YA', 'SMP/Sederajat', 'MENGURUS RUMAH TANGGA', 'D/J/C', '-', 'Masih Hidup'),
(48, 'K23276100210120017', '3276100204050003', 'PRINCE ABABIEL', 'ANAK', 'LK', 'SALATIGA', '2005-04-02', 'ISLAM', 'YA', 'BELUM TAMAT SD/Sederajat', 'PELAJAR/MAHASISWA', 'BK', '-', 'Masih Hidup'),
(49, '3276012712070137', '3276011708950010', 'M.KHOIRRUDDIN', 'ANAK', 'LK', 'DEPOK', '1995-08-17', 'ISLAM', 'YA', 'SMA/Sederajat', 'PELAJAR/MAHASISWA', 'BK', '-', 'Masih Hidup'),
(50, 'K232676102701150033', '3174040310680009', 'ANIS ALAMSYAH', 'KK', 'LK', 'JAKARTA', '1968-10-03', 'ISLAM', 'YA', '-', 'KARYAWAN SWASTA', 'K', '-', 'Masih Hidup'),
(51, '3276102002120028', '3276106404710002', 'EUIS HERAWATIE', 'KK', 'P', 'CIANJUR', '1971-04-24', 'ISLAM', 'YA', 'SMP/Sederajat', 'MENGURUS RUMAH TANGGA ', 'D/J/C', '-', 'Masih Hidup'),
(53, '-3', '326050903880006', 'ARMANDO SIHOTANG', 'KK', 'LK', 'DEPOK', '1988-03-09', 'PROTESTAN', 'YA', '-', 'KARYAWAN SWASTA', 'BK', '-', 'Masih Hidup'),
(54, '3276102602180016', '3276022702910007', 'ACHMAD BOB HILMY', 'KK', 'LK', 'JAKARTA', '1991-02-27', 'ISLAM', 'YA', 'SMA/Sederajat', 'KARYAWAN SWASTA', 'K', '-', 'Masih Hidup'),
(56, '3276102701150033', '3276100905040003', 'KEN VITO KINANTAN', 'ANAK', 'LK', 'JAKARTA', '2004-05-09', 'ISLAM', 'YA', 'BELUM TAMAT SD/Sederajat', 'PELAJAR/MAHASISWA', 'BK', '-', 'Masih Hidup'),
(57, '3276102701150033', '3276105508070003', 'KEI SETA KINEISHA', 'ANAK', 'P', 'JAKARTA', '2007-08-16', 'ISLAM', 'YA', 'SD/Sederajat', 'PELAJAR/MAHASISWA', 'BK', '-', 'Masih Hidup'),
(58, '3171031701099310', '3171030212970001', 'RANDY DESTIAN', 'ANAK', 'LK', 'JAKARTA', '1997-12-02', 'ISLAM', 'YA', 'SMA/Sederajat', 'PELAJAR/MAHASISWA', 'BK', '-', 'Masih Hidup'),
(59, '3171031701099310', '3171035605000002', 'PUTRI RAHMA WATI', 'ANAK', 'P', 'JAKARTA', '2000-05-16', 'ISLAM', 'YA', 'SMP/Sederajat', 'PELAJAR/MAHASISWA', 'BK', '-', 'Masih Hidup'),
(60, '3171031701099310', '3171032503030001', 'RESA ADITTIAN', 'ANAK', 'LK', 'JAKARTA', '2003-03-25', 'ISLAM', 'YA', 'SD/Sederajat', 'PELAJAR/MAHASISWA', 'BK', '-', 'Masih Hidup'),
(61, '3276020211090042', '3276028512580003', 'HAYATI', 'ISTRI', 'P', 'JAKARTA', '1958-12-25', 'ISLAM', 'YA', 'SD/Sederajat', 'MENGURUS RUMAH TANGGA', 'K', '-', 'Masih Hidup'),
(62, '3276032604100001', '3276035504720012', 'SUSANA', 'ISTRI', 'P', 'JAKARTA', '1972-04-15', 'ISLAM', 'YA', 'SMA/Sederajat', 'MENGURUS RUMAH TANGGA', 'K', '-', 'Masih Hidup'),
(63, '3276032604100001', '3276035709980009', 'NADIA KARIMAH', 'ANAK', 'P', 'JAKARTA', '1998-09-17', 'ISLAM', 'YA', 'SMA/Sederajat', 'PELAJAR/MAHASISWA', 'BK', '-', 'Masih Hidup'),
(64, '3276032604100001', '3276032605010003', 'AHMAD RAFLI SUSANDI TAMTOMO', 'ANAK', 'LK', 'JAKARTA', '2001-05-26', 'ISLAM', 'YA', 'SMP/Sederajat', 'PELAJAR/MAHASISWA', 'BK', '-', 'Masih Hidup'),
(65, '3276032604100001', '3276036009080009', 'NURDIANA RIZKI SUSANDI TAMTOMO', 'ANAK', 'P', 'DEPOK', '2008-09-20', 'ISLAM', 'YA', 'SD/Sederajat', 'PELAJAR/MAHASISWA', 'BK', '-', 'Masih Hidup'),
(66, '3276020211090056', '3276025405810014', 'ROSITA', 'ISTRI', 'P', 'JAKARTA', '1981-05-14', 'ISLAM', 'YA', 'SMP/Sederajat', 'MENGURUS RUMAH TANGGA', 'K', '-', 'Masih Hidup'),
(67, '3276020211090056', '3276105209120008', 'KAYLA JIEFARA', 'ANAK', 'P', 'DEPOK', '2012-09-12', 'ISLAM', 'YA', '-', '-', 'BK', '-', 'Masih Hidup'),
(68, '3276020211090056', '3276105605160002', 'ARSYLA SHAZFA FARZANA', 'ANAK', 'P', 'DEPOK', '2016-05-16', 'ISLAM', 'YA', '-', '-', 'BK', '-', 'Masih Hidup'),
(69, '3171030306160015', '1571036710880101', 'RIA HUDAYA HUTAGALUNG', 'ISTRI', 'P', 'JAMBI', '1988-10-27', 'ISLAM', 'YA', 'SMA/Sederajat', 'MENGURUS RUMAH TANGGA', 'K', '-', 'Masih Hidup'),
(70, '3171030306160015', '1571031402120021', 'MUHAMMAD GHALIB AKBAR', 'ANAK', 'LK', 'JAMBI', '2012-02-14', 'ISLAM', 'YA', '-', '-', 'BK', '-', 'Masih Hidup'),
(71, '3171030306160015', '3171031311141008', 'GALANG KURNIA', 'ANAK', 'LK', 'JAKARTA', '2014-11-13', 'ISLAM', 'YA', '-', '-', 'BK', '-', 'Masih Hidup'),
(72, '3171030306160015', '3171031311141009', 'GILANG KURNIA', 'ANAK', 'LK', 'JAKARTA', '2014-11-13', 'ISLAM', 'YA', '-', '-', 'BK', '-', 'Masih Hidup'),
(73, '3175051201097403', '3175056503490001', 'SURYATI', 'ISTRI', 'P', 'JAKARTA', '1949-03-25', 'ISLAM', 'YA', 'SMP/Sederajat', 'MENGURUS RUMAH TANGGA', 'K', '-', 'Masih Hidup'),
(74, '3276020901140024', '3203011405820026', 'DEDE YANTI ', 'ISTRI', 'P', 'CIANJUR', '1982-05-04', 'ISLAM', 'YA', 'DIPLOMA', 'KARYAWAN SWASTA', 'K', '-', 'Masih Hidup'),
(75, '3276083105160015', '3208165803910003', 'EVI NURPIATI', 'ISTRI', 'P', 'KUNINGAN', '1991-03-18', 'ISLAM', 'YA', 'SMA/Sederajat', 'MENGURUS RUMAH TANGGA', 'K', '-', 'Masih Hidup'),
(76, '3276083105160015', '3276081701170003', 'RASYA MUHAMMAD ATHAYA', 'ANAK', 'LK', 'DEPOK', '2017-01-17', 'ISLAM', 'YA', '-', '-', 'BK', '-', 'Masih Hidup'),
(77, '3276052509070388', '3276055602000001', 'ANDI VEDRA FEBRIYANTI', 'ANAK', 'P', 'DEPOK', '2000-02-16', 'ISLAM', 'YA', 'SMA/Sederajat', 'PELAJAR/MAHASISWA', 'BK', '-', 'Masih Hidup'),
(78, '3276052509070388', '3276051707020002', 'ANDI ABIDZAR JULIYANSYAH', 'ANAK', 'LK', 'DEPOK', '2002-07-17', 'ISLAM', 'YA', 'SMP/Sederajat', 'PELAJAR/MAHASISWA', 'BK', '-', 'Masih Hidup'),
(79, '3276052509070388', '3276052002090012', 'ANDI MULTAZHAM', 'ANAK', 'LK', 'DEPOK', '2009-02-20', 'ISLAM', 'YA', 'SD/Sederajat', 'PELAJAR/MAHASISWA', 'BK', '-', 'Masih Hidup'),
(80, '3276080703140008', '3604124402890005', 'SITI AFIAH', 'ISTRI', 'P', 'SERANG', '1989-02-04', 'ISLAM', 'YA', 'SMP/Sederajat', 'MENGURUS RUMAH TANGGA', 'K', '-', 'Masih Hidup'),
(81, '3276080703140008', '3276080103140001', 'AL KHALIFI DZIKRI HAMIZAN', 'ANAK', 'LK', 'SERANG', '2014-03-01', 'ISLAM', 'YA', '-', '-', 'BK', '-', 'Masih Hidup'),
(82, '3276021612070967', '3276025203970004', 'SITI RINJANI EDEUL ADIKSI', 'ANAK', 'P', 'PURWAKARTA', '1997-03-12', 'ISLAM', 'YA', 'SD/Sederajat', 'PELAJAR/MAHASISWA', 'BK', '-', 'Masih Hidup'),
(83, '3276021612070967', '3276026401040010', 'NUR MAWADAH', 'ANAK', 'P', 'DEPOK', '2004-01-24', 'ISLAM', 'YA', 'SD/Sederajat', 'PELAJAR/MAHAISWA', 'BK', '-', 'Masih Hidup'),
(84, '3201011907110050', '3201016411910001', 'NOVI MARYAMAH', 'ISTRI', 'P', 'BOGOR', '1991-11-24', 'ISLAM', 'YA', 'SMP/Sederajat', 'MENGURUS RUMAH TANGGA', 'K', '-', 'Masih Hidup'),
(85, '3201011907110050', '3201012002120007', 'MUHAMMAD RIKKY', 'ANAK', 'LK', 'BOGOR', '2012-02-20', 'ISLAM', 'YA', '-', '-', 'BK', '-', 'Masih Hidup'),
(86, '3276082402100015', '3276056304800005', 'RINA APRIANTI', 'ISTRI', 'P', 'JAKARTA', '1980-04-23', 'ISLAM', 'YA', 'DIPLOMA', 'KARYWAN SWASTA', 'K', '-', 'Masih Hidup'),
(87, '3276082402100015', '3276087108100003', 'KEISYA EKA PUTRI LAILA RAMADHANI', 'ANAK', 'P', 'DEPOK', '2010-08-31', 'ISLAM', 'YA', '-', '-', 'BK', '-', 'Masih Hidup'),
(88, '3276050912080090', '3276050402820005', 'JEFRI DONNA', 'KK', 'LK', 'INDRAMAYU', '1982-02-04', 'ISLAM', 'YA', 'SMA/Sederajat', 'WIRASWASTA', 'K', '-', 'Masih Hidup'),
(89, '3276100112150011', '3276024107950016', 'KHOIRINISA', 'ANAK', 'P', 'BOGOR', '1999-04-14', 'ISLAM', 'YA', 'SMA/Sederajat', 'PELAJAR/MAHASISWA', 'BK', '-', 'Masih Hidup'),
(90, '3302032205120002', '3302036010870005', 'UMI HABIBAH', 'ISTRI', 'P', 'BANYUMAS', '1987-10-20', 'ISLAM', 'YA', 'SMP/Sederajat', 'BURUH HARIAN LEPAS ', 'K', '-', 'Masih Hidup'),
(91, '3302032205120002', '3302032503100003', 'IQBAL DZULFAQOR', 'ANAK', 'LK', 'BANYUMAS', '2010-03-25', 'ISLAM', 'YA', '-', '-', 'BK', '-', 'Masih Hidup'),
(92, '1802020407140003', '1802021010900005', 'TRI HANDOKO', 'ANAK', 'LK', 'SINAR LUAS', '1991-10-10', 'ISLAM', 'YA', 'SMA/Sederajat', 'PELAJAR/MAHASISWA', 'BK', '-', 'Masih Hidup'),
(95, '3276020808070047', '3276025010720001', 'BANIAH', 'ISTRI', 'P', 'CIAMIS', '1972-10-10', 'ISLAM', 'YA', 'SD/Sederajat', 'MENGURUS RUMAH TANGGA', 'K', '-', 'Masih Hidup'),
(96, '3276021612090040', '3276107004770001', 'WASTIJAH', 'ISTRI', 'P', 'TEGAL', '1977-04-30', 'ISLAM', 'YA', 'SD/Sederajat', 'MENGURUS RUMAH TANGGA', 'K', '-', 'Masih Hidup'),
(97, '3276022211070727', '3276024904680007', 'JUWARIAH', 'ISTRI', 'P', 'PURBALINGGA', '1968-04-09', 'ISLAM', 'YA', 'SD/Sederajat', 'MENGURUS RUMAH TANGGA', 'K', '-', 'Masih Hidup'),
(98, '3276022211070727', '3276026904000003', 'TRI WIDYANINGSIH', 'ANAK', 'P', 'DEPOK', '2000-04-29', 'ISLAM', 'YA', 'SMP/Sederajat', 'PELAJAR/MAHASISWA', 'BK', '-', 'Masih Hidup'),
(99, '3276022211070727', '3276027103050002', 'NUR CAHYANINGRUM', 'ANAK', 'P', 'DEPOK', '2005-03-31', 'ISLAM', 'YA', 'SD/Sederajat', 'PELAJAR/MAHASISWA', 'BK', '-', 'Masih Hidup'),
(100, '3276101212110033', '3174064210980002', 'SINTA TRI HANDAYANI', 'ISTRI', 'P', 'JAKARTA', '1998-10-02', 'ISLAM', 'YA', 'SMP/Sederajat', 'MENGURUS RUMAH TANGGA', 'K', '-', 'Masih Hidup'),
(101, '3276052410070333', '3276055411680002', 'AMBAR SUSILOWATI', 'ISTRI', 'P', 'JAKARTA', '1968-11-14', 'ISLAM', 'YA', 'SMA/Sederajat', 'KARYAWAN SWASTA', 'K', '-', 'Masih Hidup'),
(102, '3276052410070333', '3276055911980001', 'PUSPA ASTI', 'ANAK', 'P', 'JAKARTA', '1998-11-19', 'ISLAM', 'YA', '-', '-', 'BK', '-', 'Masih Hidup'),
(105, '3276101505150004', '3276106310060001', 'NEISYA NOVRIZA PUTRI', 'ANAK', 'P', 'JAKARTA', '2006-10-23', 'ISLAM', 'YA', 'SD/Sederajat', 'PELAJAR/MAHASISWA', 'BK', '-', 'Masih Hidup'),
(106, '3276101505150004-2', '3276022205980004', 'RIFLY FAHREZI', 'ANAK', 'LK', 'BOGOR', '1998-05-22', 'ISLAM', 'YA', 'SMA/Sederajat', 'PELAJAR/MAHASISWA', 'BK', '-', 'Masih Hidup'),
(107, '3276101505150004-2', '3276022205980003', 'RAFLY GERALDINE', 'ANAK', 'LK', 'BOGOR', '1998-05-22', 'ISLAM', 'YA', 'SMA/Sederajat', 'PELAJAR/MAHASISWA', 'BK', '-', 'Masih Hidup'),
(108, '3276011807140005', '3276014812640007', 'MARYANI', 'ISTRI', 'P', 'JAKARTA', '1964-12-08', 'ISLAM', 'YA', 'SMA/Sederajat', 'PNS', 'K', '-', 'Masih Hidup'),
(109, '-2', '3271015312950019', 'EVA ALFIAH', 'ISTRI', 'P', 'BOGOR', '1995-12-13', 'ISLAM', 'YA', 'SMA/Sederajat', 'MENGURUS RUMAH TANGGA', 'K', '-', 'Masih Hidup'),
(110, '3276051105100050', '3276055006660010', 'NURHASANAH', 'ISTRI', 'P', 'INDRAMAYU', '1966-06-10', 'ISLAM', 'YA', 'SMP/Sederajat', 'MENGURUS RUMAH TANGGA', 'K', '-', 'Masih Hidup'),
(111, '3276100210120017', '3276105202790005', 'FEBRI KONYA NINDIRA', 'ISTRI', 'P', 'SALATIGA', '1979-02-12', 'ISLAM', 'YA', 'SMA/Sederajat', 'KARYAWAN SWASTA', 'K', '-', 'Masih Hidup'),
(112, 'K23276100210120017', '3276104908120003', 'PRINCESS NAYLLA FEBIANSYAH', 'ANAK', 'P', 'DEPOK', '2012-08-09', 'ISLAM', 'YA', '-', '-', 'BK', '-', 'Masih Hidup'),
(113, 'K2326100408110005', '3276101212990004', 'AIS TIRTA WINATA', 'ANAK', 'LK', 'BOGOR', '1999-12-12', 'ISLAM', 'YA', 'SD/Sederajat', 'PELAJAR/MAHASISWA', 'BK', '-', 'Masih Hidup'),
(114, 'K2326100408110005', '3276103011940001', 'YAYI TIRTA HARTANSYAH', 'ANAK', 'LK', 'JAKARTA', '1994-11-30', 'ISLAM', 'YA', 'SMA/Sederajat', 'PELAJAR/MAHASISWA', 'BK', '-', 'Masih Hidup'),
(115, '3276100408110005', '3276106108020003', 'ASYIFA PRADESTI', 'ANAK', 'P', 'BOGOR', '2002-08-21', 'ISLAM', 'YA', 'SD/Sederajat', 'PELAJAR/MAHASISWA', 'BK', '-', 'Masih Hidup'),
(116, '0', '3306071010670002-', 'HERMANSYAH', 'KK', 'LK', 'PALEMBANG', '1967-10-10', 'ISLAM', 'YA', '-', 'WIRASWASTA', 'K', '-', 'Masih Hidup'),
(117, '0', '-', 'SIFAIYAH', 'ISTRI', 'P', 'MEKKAH', '1990-01-01', 'ISLAM', 'YA', '-', '-', 'K', '-', 'Masih Hidup'),
(118, '3201071405030006', '3201072006400001', 'R.H SOEGITO', 'KK', 'LK', 'YOGYAKARTA', '1940-06-20', 'ISLAM', 'YA', 'DIPLOMA', 'WIRASWASTA', 'K', '-', 'Masih Hidup'),
(119, '3201071405030006', '-0', 'SRI NIMANGNINGSIH', 'ISTRI', 'P', 'YOGYAKARTA', '2019-01-29', 'ISLAM', 'YA', '-', 'MENGURUS RUMAH TANGGA', 'K', '-', 'Masih Hidup'),
(120, '3201071405030006', '3201072812920001', 'KRISTANTO', 'ANAK', 'LK', 'JAKARTA', '1992-12-28', 'ISLAM', 'YA', 'SD/Sederajat', 'BELUM/TIDAK BEKERJA', 'BK', '-', 'Masih Hidup'),
(121, '3201071405030006', '3201070201970001', 'DIMAS BUDIARTO', 'ANAK', 'LK', 'BOGOR', '1997-01-02', 'ISLAM', 'YA', 'SD/Sederajat', 'BELUM/TIDAK BEKERJA', 'BK', '-', 'Masih Hidup'),
(122, '3276021008160029', '3209251206960006', 'CARIDI', 'KK', 'LK', 'CIREBON', '1996-06-12', 'ISLAM', 'YA', 'SMP/Sederajat', 'KARYAWAN SWASTA', 'K', '-', 'Masih Hidup'),
(123, '3276021008160029', '3276054902970009', 'NURAENI', 'ISTRI', 'P', 'BOGOR', '1997-02-09', 'ISLAM', 'YA', 'SD/Sederajat', 'MENGURUS RUMAH TANGGA ', 'K', '-', 'Masih Hidup'),
(124, '3276021008160029', '3276051512140005', 'NAZRIL ARDI AL FATIH', 'ANAK', 'LK', 'DEPOK', '2014-12-15', 'ISLAM', 'YA', '-', '-', 'BK', '-', 'Masih Hidup'),
(125, '3276021610090058', '3276022006600008', 'RONALDE RUMATE', 'KK', 'LK', 'BALIKPAPAN', '1960-06-20', 'PROTESTAN', 'YA', 'SMA/Sederajat', 'KARYAWAN SWASTA', 'D/J/C', '-', 'Masih Hidup'),
(126, '3175041205170027', '3175034606620007', 'RINA SELVIANI', 'KK', 'P', 'SEMARANG', '1962-06-06', 'PROTESTAN', 'YA', 'SMA/Sederajat', 'MENGURUS RUMAH TANGGA ', 'D/J/C', '-', 'Masih Hidup'),
(127, '3175041205170027', '3175045303071006', 'TABITHA CHRISTANI PONCODIHARJO', 'LL', 'P', 'JAKARTA', '2007-03-13', 'PROTESTAN', 'YA', 'SD/Sederajat', 'PELAJAR/MAHASISWA', 'BK', '-', 'Masih Hidup'),
(128, '3175041205170027-2', '3175030610860013', 'RICHO OCTAFIANA', 'ANAK', 'LK', 'JAKARTA', '1986-10-06', 'PROTESTAN', 'YA', 'SMA/Sederajat', 'WIRASWASTA', 'BK', '-', 'Masih Hidup'),
(129, '3175041205170027-2', '3175034802950002', 'ELSA FEBRINA ARIFIN', 'ANAK', 'P', 'JAKARTA', '1995-02-08', 'PROTESTAN', 'YA', 'SMA/Sederajat', 'KARYAWAN SWASTA', 'BK', '-', 'Masih Hidup'),
(130, '3276050409070182', '3276055812560005', 'DIENCE SRI SUNARTI', 'KK', 'P', 'SEMARANG ', '1958-12-18', 'PROTESTAN', 'YA', 'SMA/Sederajat', 'KARYAWAN SWASTA', 'D/J/C', '-', 'Masih Hidup'),
(131, '3276050409070182', '3172034410590001', 'SAARCE PALI', 'LL', 'P', 'MANADO', '1959-10-04', 'PROTESTAN', 'YA', 'SMA/Sederajat', 'WIRASWASTA', 'BK', '-', 'Masih Hidup'),
(132, '3376010606110010', '3175040710520003', 'GATOT SURYANTORO', 'KK', 'LK', 'TULUNG AGUNG', '1952-10-07', 'PROTESTAN', 'YA', 'SMA/Sederajat', 'PENSIUNAN', 'K', '-', 'Masih Hidup'),
(133, '3376010606110010', '3175046007580005', 'YUNYARTY WOWOR', 'ISTRI', 'P', 'KALI WUNGU', '1958-07-20', 'PROTESTAN', 'YA', 'SMA/Sederajat', 'MENGURUS RUMAH TANGGA', 'K', '-', 'Masih Hidup'),
(134, '3376010703140001', '3329082511750009', 'IVAN IMANUEL SURYANTORO', 'KK', 'LK', 'TEGAL', '1975-11-25', 'ISLAM', 'YA', 'SMA/Sederajat', 'WIRASWASTA', 'D/J/C', '-', 'Masih Hidup'),
(135, '3276103003100077', '3276106112730002', 'RAMLAH RAHMAWATI', 'KK', 'P', 'BALIKPAPAN', '1973-12-21', 'ISLAM', 'YA', 'SMA/Sederajat', 'MENGURUS RUMAH TANGGA', 'D/J/C', '-', 'Masih Hidup'),
(136, '3276103003100077', '3276106405000002', 'NADYA AL HUSANAH', 'ANAK', 'P', 'JAKARTA', '2003-05-24', 'ISLAM', 'YA', 'SD/Sederajat', 'PELAJAR/MAHASISWA', 'BK', '-', 'Masih Hidup'),
(137, '1871022101090028', '1871020212690002', 'HENDARMIN ARMANDO', 'KK', 'LK', 'BENGKULU', '1969-12-02', 'ISLAM', 'YA', 'SMA/Sederajat', 'WIRASWASTA', 'K', '-', 'Masih Hidup'),
(138, '32760612100022', '3276061403720007', 'RAHMAT BUDIANTO', 'KK', 'LK', 'DEPOK', '1972-09-14', 'ISLAM', 'YA', 'SMA/Sederajat', 'WIRASWASTA', 'D/J/C', '-', 'Masih Hidup'),
(139, '32760612100022', '3276066008950008', 'FATWAH ARASYA RAHMA', 'ANAK', 'P', 'DEPOK', '1995-08-20', 'ISLAM', 'YA', 'SMP/Sederajat', 'PELAJAR/MAHASISWA', 'BK', '-', 'Masih Hidup'),
(140, '32760612100022', '3276062401010010', 'TAUFIQ HIDAYAT RAHMAT', 'ANAK', 'LK', 'DEPOK', '2001-01-20', 'ISLAM', 'YA', 'SD/Sederajat', 'PELAJAR/MAHASISWA', 'BK', '-', 'Masih Hidup'),
(141, '3276012510100012', '3276010701770016', 'YOHANDI', 'KK', 'LK', 'INDRAMAYU', '1977-01-07', 'PROTESTAN', 'YA', 'SMA/Sederajat', 'KARYAWAN SWASTA', 'K', '-', 'Masih Hidup'),
(142, '3276012510100012', '3276015409600009', 'YANTI', 'ISTRI', 'P', 'BOGOR', '1980-09-14', 'PROTESTAN', 'YA', 'SMA/Sederajat', 'MENGURUS RUMAH TANGGA', 'K', '-', 'Masih Hidup'),
(143, '3276012510100012', '3276015409990013', 'MILENIA KRISTIN', 'ANAK', 'P', 'BOGOR', '1999-06-14', 'PROTESTAN', 'YA', 'SD/Sederajat', 'PELAJAR/MAHASISWA', 'BK', '-', 'Masih Hidup'),
(144, '3276012510100012', '3276016408910012', 'AYU ROSALINE', 'ANAK', 'P', 'BOGOR', '2001-05-14', 'PROTESTAN', 'YA', 'SD/Sederajat', 'PELAJAR/MAHASISWA', 'BK', '-', 'Masih Hidup'),
(145, '3276022202080198', '3276021306690012', 'AGUS SUDJATI', ' KK ', 'LK', 'JAKARTA', '1969-06-13', 'ISLAM', 'YA', 'SMA/Sederajat', 'KARYAWAN SWASTA', 'K', '-', 'Masih Hidup'),
(146, '3276022202080198', '3276026609740005', 'ELY PURWANI SUDYAH', 'ISTRI', 'P', 'JAKARTA', '1974-09-26', 'ISLAM', 'YA', 'SMA/Sederajat', 'MENGURUS RUMAH TANGGA', 'K', '-', 'Masih Hidup'),
(147, '3276022202080198', '3276025406970009', 'FATMA ANDARI DIANTIKA', 'ANAK', 'P', 'BOGOR', '1997-06-14', 'ISLAM', 'YA', '-', '-', 'BK', '-', 'Masih Hidup'),
(148, '3276022202080198', '3276026709000011', 'SESTY CAESARANI', 'ANAK', 'P', 'DEPOK', '2000-09-27', 'ISLAM', 'YA', '-', '-', 'BK', '-', 'Masih Hidup'),
(149, '3276011106080009', '3276011908580001', 'JONNY KURON', 'KK', 'LK', 'MANADO', '1956-08-19', 'PROTESTAN', 'YA', 'SMA/Sederajat', 'WARTAWAN', 'K', '-', 'Masih Hidup'),
(150, '3276011106080009', '3276046508830008', 'NURYANTI', 'ISTRI', 'P', 'BOGOR', '2019-01-29', 'ISLAM', 'YA', 'SMA/Sederajat', 'MENGURUS RUMAH TANGGA', 'K', '-', 'Masih Hidup'),
(151, '3276011106080009-2', '3276044703070005', 'NABILA PUTRI AURA THAMI', 'ANAK', 'P', 'BOGOR', '2007-03-07', 'ISLAM', 'YA', 'SD/Sederajat', 'PELAJAR/MAHASISWA', 'BK', '-', 'Masih Hidup'),
(152, '3276011106080009-2', '3276043103080005', 'REHAN DWIE PRAYOGA', 'ANAK', 'LK', 'BOGOR', '2008-03-31', 'ISLAM', 'YA', '-', '-', 'BK', '-', 'Masih Hidup'),
(153, '3276011106080009-3', '3276011908560005-2', 'JOHNNY KURON', 'KK', 'LK', 'MANADO', '1956-08-19', 'PROTESTAN', 'YA', 'SMA/Sederajat', 'WARTAWAN', 'K', '-', 'Masih Hidup'),
(154, '3276050110070113', '3276051110660003', 'ISAK UNTARA WIDADA', 'KK', 'LK', 'YOGYAKARTA', '1965-10-11', 'PROTESTAN', 'YA', 'SMA/Sederajat', 'WIRASWASTA', 'K', '-', 'Masih Hidup'),
(155, '3276050110070113', '3276055909610002', 'MARHOCE SUCIATI', 'ISTRI', 'P', 'SEMARANG', '1961-09-19', 'PROTESTAN', 'YA', 'SMA/Sederajat', 'MENGURUS RUMAH TANGGA', 'K', '-', 'Masih Hidup'),
(156, '3276050110070113', '3276064607950001', 'TINNEKE YULRIA', 'ANAK', 'P', 'TEGAL', '1995-07-06', 'PROTESTAN', 'YA', 'SMA/Sederajat', 'PELAJAR/MAHASISWA', 'BK', '-', 'Masih Hidup'),
(157, '32101302150007', '3210114707730181', 'ENDAH PURBAYANTI', 'KK', 'P', 'MAJALENGKA', '1973-07-07', 'ISLAM', 'YA', 'SMP/Sederajat', 'MENGURUS RUMAH TANGGA', 'K', '-', 'Masih Hidup'),
(158, '32101302150007', '3210111407910101', 'ANDRI ABDURAHMAN', 'ANAK', 'LK', 'MAJALENGKA', '1991-07-14', 'ISLAM', 'YA', 'SMA/Sederajat', '-', 'BK', '-', 'Masih Hidup'),
(159, '32101302150007', '32101152079601', 'RESMA JULIANI', 'ANAK', 'P', 'MAJALENGKA', '1997-07-12', 'ISLAM', 'YA', 'SMA/Sederajat', 'PELAJAR/MAHASISWA', 'BK', '-', 'Masih Hidup'),
(160, '3276051410100022', '3276052102700006', 'FERDENAND VERNANDEZ BLEGUR', 'KK', 'LK', 'JAKARTA', '1970-02-21', 'PROTESTAN', 'YA', 'SMA/Sederajat', 'KARYAWAN SWASTA', 'K', '-', 'Masih Hidup'),
(161, '3276051410100022', '3276055604720012', 'MARIA CYNTHIA PATRICIA LUMINGKEWAS', 'ISTRI', 'P', 'JAKARTA', '1972-04-16', 'PROTESTAN', 'YA', 'SMA/Sederajat', 'MENGURUS RUMAH TANGGA', 'K', '-', 'Masih Hidup'),
(162, '3276051410100022', '3276052608980014', 'RENAI TO KAI ONDAMA', 'ANAK', 'LK', 'BOGOR', '1998-08-25', 'PROTESTAN', 'YA', 'SD/Sederajat', 'PELAJAR/MAHASISWA', 'BK', '-', 'Masih Hidup'),
(163, '3276051410100022-2', '-1', 'JULIUS BLEGUR', 'LL', 'P', '-', '2019-01-29', 'PROTESTAN', 'YA', '-', '-', '-', '-', 'Masih Hidup'),
(164, '3276050506130013', '3276054505950023', 'SANTYA DIANA CHERLY', 'ISTRI', 'P', 'KOTA BUMI ', '1995-05-05', 'ISLAM', 'YA', 'SMA/Sederajat', 'PELAJAR/MAHASISWA', 'BK', '-', 'Masih Hidup'),
(165, '3276050506130013', '-00', 'ADRIAN  GERARD', 'ANAK', 'LK', 'DEPOK', '2012-07-15', 'ISLAM', 'YA', '-', '-', 'BK', '-', 'Masih Hidup'),
(166, '3276050512070110', '3276054412670007', 'INDRIANI PUJI ASTUTI ', 'ISTRI', 'P', 'SEMARANG', '1967-12-04', 'ISLAM', 'YA', 'SMA/Sederajat', 'MENGURUS RUMAH TANGGA ', 'K', '-', 'Masih Hidup'),
(167, '3276050512070110', '3276050810900005', 'ADJAR SUKASA PUTRA', 'ANAK', 'LK', 'SEMARANG', '1990-10-08', 'ISLAM', 'YA', 'DIPLOMA', 'PELAJAR/MAHASISWA', 'BK', '-', 'Masih Hidup'),
(168, '3276050512070110', '3276056304960004', 'CAMELIA PUTRI UTAMI', 'ANAK', 'P', 'DEPOK', '1996-04-23', 'ISLAM', 'YA', 'SMA/Sederajat', 'PELAJAR/MAHASISWA', 'BK', '-', 'Masih Hidup'),
(169, '3276051607080023', '3276051508620002', 'ROHMAT NAIL', 'KK', 'LK', 'BOGOR', '1962-08-15', 'ISLAM', 'YA', 'SMA/Sederajat', 'KARYAWAN SWASTA ', 'D/J/C', '-', 'Masih Hidup'),
(170, '3276022312071329-2', '3276021412930005', 'EKBERD SILVA SIMON L', 'ANAK', 'LK', 'BOGOR', '1993-12-14', 'ISLAM', 'YA', 'SMP/Sederajat', 'PELAJAR/MAHASISWA', 'BK', '-', 'Masih Hidup'),
(171, '3276022312071329-2', '3276021101020010', 'ALBERD SANUSI LOUHENAPESY', 'ANAK', 'LK', 'BOGOR', '2002-01-11', 'ISLAM', 'YA', 'SD/Sederajat', 'PELAJAR/MAHASISWA', 'BK', '-', 'Masih Hidup'),
(172, '3276050502110008', '32760522004630008', 'SOFYAN', 'KK', 'LK', 'LAMPUNG', '1963-04-20', 'PROTESTAN', 'YA', 'SMA/Sederajat', 'KARYAWAN SWASTA ', 'K', '-', 'Masih Hidup'),
(173, '3276050502110008', '3276085004660001', 'SHINTA', 'ISTRI', 'P', 'LAMPUNG', '1966-04-10', 'PROTESTAN', 'YA', 'SMA/Sederajat', 'MENGURUS RUMAH TANGGA ', 'K', '-', 'Masih Hidup'),
(174, '3276050502110008', '3276086706960001', 'PRIS CILLA', 'ANAK', 'P', 'BOGOR', '1996-06-27', 'PROTESTAN', 'YA', 'SD/Sederajat', 'PELAJAR/MAHASISWA', 'BK', '-', 'Masih Hidup'),
(175, '3276100205120020', '3276100106690008', ' 	Aris Rachmat Kadarusman ', 'KK', 'LK', 'GARUT', '1969-06-01', 'PROTESTAN', 'YA', 'SMA/Sederajat', 'WIRASWASTA', 'K', '-', 'Masih Hidup'),
(176, '3276011106080009-4', '3276021911870009', 'FALDY VALENTINO KURON', 'KK', 'LK', 'DEPOK', '1987-11-19', 'PROTESTAN', 'YA', 'SMA/Sederajat', 'WARTAWAN', 'K', '-', 'Masih Hidup'),
(177, '3276011106080009-4', '3276016406940003', 'ISMAYANTI', 'ISTRI', 'P', 'JAKARTA', '1994-06-24', 'ISLAM', 'YA', 'SMA/Sederajat', 'WARTAWAN', 'K', '-', 'Masih Hidup'),
(178, '3276011106080009-4', '-000', 'LUCKY PRATAMA', 'ANAK', 'LK', 'DEPOK', '2012-06-09', 'ISLAM', 'YA', '-', '-', 'BK', '-', 'Masih Hidup'),
(179, '3276051610080057', '3276054406380003', 'YOSEPHINE SIMANJUNTAK', 'KK', 'P', 'SIGUMPAI', '1938-06-04', 'PROTESTAN', 'YA', 'SMA/Sederajat', 'MENGURUS RUMAH TANGGA ', 'D/J/C', '-', 'Masih Hidup'),
(180, '3276051610080057', '3276016003700012', 'Martha Elizabeth G ', 'ANAK', 'P', 'JAKARTA', '1970-03-20', 'PROTESTAN', 'YA', '-', 'MENGURUS RUMAH TANGGA', 'D/J/C', '-', ''),
(181, 'K-', '320373100610968569304', 'Moch. Eddy Karundeng', 'KK', 'LK', 'MANADO', '1956-12-25', 'ISLAM', 'TIDAK', '-', 'WIRASWASTA', 'K', '-', 'Masih Hidup'),
(182, 'K-', '-0000', 'YULYANTI M ', 'ISTRI', 'P', 'DEPOK', '1998-07-18', 'ISLAM', 'TIDAK', '-', 'MENGURUS RUMAH TANGGA', 'K', '-', 'Masih Hidup'),
(183, 'K-', '-00000', 'FASHYA.S.KARUNDENG', 'ANAK', 'P', 'DEPOK', '2005-07-20', 'ISLAM', 'TIDAK', '-', '-', 'BK', '-', 'Masih Hidup'),
(184, '3276102911100031', '3276101701780002', 'ABDUL KADIR', 'KK', 'LK', 'JAKARTA', '1978-01-17', 'ISLAM', 'TIDAK', 'SMA/Sederajat', 'KARYAWAN SWASTA', 'K', '-', 'Masih Hidup'),
(185, '3276102911100031', '3276104805760006', 'GESTI NURHAYATI', 'ISTRI', 'P', 'JAKARTA', '1976-05-08', 'ISLAM', 'TIDAK', 'SMA/Sederajat', 'KARYAWAN SWASTA', 'K', '-', 'Masih Hidup'),
(186, '3276102911100031', '3276102210020002', 'IBRI ELKA PRADANA', 'ANAK', 'LK', 'BEKASI', '2002-10-02', 'ISLAM', 'TIDAK', 'SD/Sederajat', 'PELAJAR/MAHASISWA', 'BK', '-', 'Masih Hidup'),
(187, '3276052311070488', '3276052707760008', 'ABDUL KARIM', 'KK', 'LK', 'JAKARTA', '1976-07-27', 'ISLAM', 'YA', 'SD/Sederajat', 'WIRASWASTA', 'K', '-', 'Masih Hidup'),
(188, '3276052311070488', '3276055905780005', 'DIAH RUSMIATI', 'ISTRI', 'P', 'JAKARTA', '1978-05-19', 'ISLAM', 'YA', 'SMP/Sederajat', 'MENGURUS RUMAH TANGGA', 'K', '-', 'Masih Hidup'),
(189, '3276052311070488', '3276054904030002', 'NUR NABILA AFIFFAH', 'ANAK', 'P', 'DEPOK', '2003-04-09', 'ISLAM', 'YA', 'SD/Sederajat', 'PELAJAR/MAHASISWA', 'BK', '-', 'Masih Hidup'),
(190, '3276051211070096', '3276052008690008', 'DWI AGUS SATRIYANTO', 'KK', 'LK', 'JAKARTA', '1989-09-20', 'ISLAM', 'YA', 'SMA/Sederajat', 'WARTAWAN', 'K', '-', 'Masih Hidup'),
(191, '3276020712090318', '3276020901600005', 'Tb. Toto Sudiarto ', 'KK', 'LK', 'BANTEN', '1960-01-09', 'ISLAM', 'YA', 'SMA/Sederajat', 'WIRASWASTA', 'K', '-', 'Masih Hidup'),
(192, '3276102908130021', '7106035505700002', 'MARIE MOGOT', 'KK', 'P', 'AIRMADIDI', '1970-05-15', 'KATOLIK', 'YA', 'SMA/Sederajat', 'KARYAWAN SWASTA', 'K', '-', 'Masih Hidup'),
(193, '3276050410170027', '3202070506700004', 'ENJANG SUKANDAR', 'KK', 'LK', 'SUKABUMI', '1970-06-05', 'ISLAM', 'TIDAK', 'SMP/Sederajat', 'WIRASWASTA', 'K', '-', 'Masih Hidup'),
(194, '3276050410170027', '3276056709950005', 'YUSNITA', 'ISTRI', 'P', 'DEPOK', '1995-09-27', 'ISLAM', 'TIDAK', 'SMA/Sederajat', 'MENGURUS RUMAH TANGGA', 'K', '-', 'Masih Hidup'),
(195, '3276050410170027', '3276054805170005', 'AUDREY SHAKILA SUKANDAR', 'ANAK', 'P', 'DEPOK', '2017-05-08', 'ISLAM', 'TIDAK', '-', '-', 'BK', '-', 'Masih Hidup'),
(196, '3276081706100039', '3276081606660001', 'SABAM SIREGAR', 'KK', 'LK', 'LAU KINAPAN', '1966-06-16', 'PROTESTAN', 'TIDAK', 'SMA/Sederajat', 'WIRASWASTA', 'K', '-', 'Masih Hidup'),
(197, '3276081706100039', '1211051811960001', 'EDUARD FRANSISCO SIREGAR', 'LL', 'LK', 'BOGOR', '1996-11-16', 'PROTESTAN', 'TIDAK', 'SD/Sederajat', 'BELUM/TIDAK BEKERJA', 'BK', '-', 'Masih Hidup'),
(198, '3276081706100039', '3276085609100003', 'INDRI ROMATAMA SIREGAR', 'ANAK', 'P', 'DEPOK', '2010-09-16', 'PROTESTAN', 'TIDAK', '-', '-', 'BK', '-', 'Masih Hidup'),
(199, '327602411090021', '3276061512760003', 'ACHMAD USAIRI', 'KK', 'LK', 'BAWEN', '1976-12-15', 'ISLAM', 'TIDAK', 'SMP/Sederajat', 'WIRASWASTA', 'K', '-', 'Masih Hidup'),
(200, '327602411090021', '3276061103070002', 'M.ZAIN PANDU ARI RACHMAN', 'ANAK', 'LK', 'DEPOK', '2007-03-11', 'ISLAM', 'TIDAK', 'SD/Sederajat', 'PELAJAR/MAHASISWA', 'BK', '-', 'Masih Hidup'),
(201, '327602411090021', '3276066607140004', 'MIKAYLA BILQIS RAMADHANIA', 'ANAK', 'P', 'JAKARTA', '2014-07-26', 'ISLAM', 'TIDAK', '-', '-', 'BK', '-', 'Masih Hidup'),
(202, '3276060705140006', '327606020551004', 'PATONI', 'KK', 'LK', 'JAKARTA', '1961-02-15', 'ISLAM', 'TIDAK', 'SMA/Sederajat', 'KARYAWAN SWASTA', 'K', '-', 'Masih Hidup'),
(203, '3276060705140006', '3276054703700008', 'DEVI MISFALA', 'ISTRI', 'P', 'JEMBER', '1970-03-07', 'ISLAM', 'TIDAK', 'SMP/Sederajat', 'MENGURUS RUMAH TANGGA', 'K', '-', 'Masih Hidup'),
(204, '320325192711313', '3201134907750004', 'CHRISTINE YULYANTY WOWOR', 'KK', 'P', 'TEGAL', '1975-07-09', 'KATOLIK', 'TIDAK', 'SMA/Sederajat', 'KARYAWAN SWASTA', 'D/J/C', '-', 'Masih Hidup'),
(205, '320325192711313', '32032615089800535', 'KRISHEN LEONARDO ', 'ANAK', 'LK', 'JAKARTA', '1998-08-15', 'KATOLIK', 'TIDAK', 'SD/Sederajat', 'PELAJAR/MAHASISWA', 'BK', '-', 'Masih Hidup'),
(206, '320325192711313', '3203', 'GABRIELLE ANASTASIA', 'ANAK', 'P', 'JAKARTA', '2006-03-25', 'KATOLIK', 'TIDAK', 'SD/Sederajat', 'PELAJAR/MAHASISWA', 'BK', '-', 'Masih Hidup'),
(207, '320325192711313', '32030', 'TABITHA CHRISTIANI', 'ANAK', 'P', 'JAKARTA', '2007-09-13', 'KATOLIK', 'TIDAK', '-', '-', 'BK', '-', 'Masih Hidup'),
(208, '3276051308120009', '3276056106550007', 'RUSNI MARHAENI', 'KK', 'P', 'JAKARTA', '1955-06-20', 'PROTESTAN', 'TIDAK', 'SMA/Sederajat', 'MENGURUS RUMAH TANGGA', 'D/J/C', '-', 'Masih Hidup'),
(209, '3276051308120009-2', '3276056062760005', 'INETE FERNITA HAREFA', 'ANAK', 'P', 'JAKARTA', '1976-02-20', 'PROTESTAN', 'TIDAK', 'DIPLOMA', 'KARYAWAN SWASTA', 'BK', '-', 'Masih Hidup'),
(210, '3171051701096279', '3171056110790002', 'DYAH PUDJI HASTUTI', 'KK', 'P', 'JAKARTA', '1979-10-21', 'ISLAM', 'TIDAK', 'SMA/Sederajat', 'MENGURUS RUMAH TANGGA', 'D/J/C', '-', 'Masih Hidup'),
(211, '3171051701096279', '3171052507050001', 'FATTAH ADITYA YUNUS', 'ANAK', 'LK', 'JAKARTA', '2005-07-25', 'ISLAM', 'TIDAK', '-', '-', 'BK', '-', 'Masih Hidup'),
(212, '3171051701096279', '3171053101090001', 'PRABU SHAKA YUNUS ', 'ANAK', 'LK', 'JAKARTA', '2009-01-31', 'ISLAM', 'TIDAK', '-', '-', 'BK', '-', 'Masih Hidup'),
(213, '3171050202160007', '3171054311570002', 'MUNIROH', 'KK', 'P', 'JAKARTA', '1957-11-03', 'ISLAM', 'TIDAK', 'SD/Sederajat', 'MENGURUS RUMAH TANGGA ', 'D/J/C', '-', 'Masih Hidup'),
(214, '3175042901095400', '3175041801610002', 'TONNY R.LASUT', 'KK', 'LK', 'MANADO', '1961-01-18', 'PROTESTAN', 'TIDAK', 'DIPLOMA', 'KARYAWAN SWASTA', 'K', '-', 'Masih Hidup'),
(215, '3175042901095400', '3175046301660005', 'ERNI', 'ISTRI', 'P', 'JAKARTA', '1966-01-23', 'PROTESTAN', 'TIDAK', 'SMA/Sederajat', 'MENGURUS RUMAH TANGGA', 'K', '-', 'Masih Hidup'),
(216, '3175042901095400', '3175042903960004', 'MARCHAEL ROBIN', 'ANAK', 'LK', 'JAKARTA', '1996-03-29', 'PROTESTAN', 'TIDAK', 'SMA/Sederajat', 'PELAJAR/MAHASISWA', 'BK', '-', 'Masih Hidup'),
(217, '3276072306160003', '3276052408910002', 'AGUS SETYAWAN', 'KK', 'LK', 'DEPOK', '1991-08-24', 'ISLAM', 'TIDAK', 'SMA/Sederajat', 'WIRASWASTA', 'K', '-', 'Masih Hidup'),
(218, '3276072306160003', '3276016608950011', 'SARAH HANA PERTIWI', 'ISTRI', 'P', 'TANGGERANG', '1995-08-26', 'ISLAM', 'TIDAK', 'SMA/Sederajat', 'KARYAWAN SWASTA', 'K', '-', 'Masih Hidup'),
(219, '3276072306160003', '3276070310160002', 'RASYID ADLAN HIJIRIAH', 'ANAK', 'LK', 'DEPOK', '2016-10-03', 'ISLAM', 'TIDAK', '-', '-', 'BK', '-', 'Masih Hidup'),
(220, '3276101310110004', '3276100107880004', 'SALIM MISBAH', 'KK', 'LK', 'JAKARTA', '1988-07-01', 'ISLAM', 'TIDAK', 'SMA/Sederajat', 'KARYAWAN SWASTA', 'K', '-', 'Masih Hidup'),
(221, '3276101310110004', '3276105109930007', 'ANGGI PANIATI', 'ISTRI', 'P', 'JAKARTA', '1993-09-11', 'ISLAM', 'TIDAK', 'SMA/Sederajat', 'MENGURUS RUMAH TANGGA ', 'K', '-', 'Masih Hidup'),
(222, '3276101310110004', '3276101112110007', 'MUHAMMAD ABDUL SAMI', 'ANAK', 'LK', 'JAKARTA', '2011-12-11', 'ISLAM', 'TIDAK', '-', '-', 'BK', '-', 'Masih Hidup'),
(223, '3276101310110004', '3276105302150002', 'ISMI GRIYANTI', 'ANAK', 'P', 'DEPOK', '2015-02-13', 'ISLAM', 'TIDAK', '-', '-', 'BK', '-', 'Masih Hidup'),
(224, '3276101402170004', '3276020307950005', 'ANDIKA PRAYOGA', 'KK', 'LK', 'JAKARTA', '1995-07-03', 'ISLAM', 'TIDAK', 'SMA/Sederajat', 'BURUH HARIAN LEPAS', 'K', '-', 'Masih Hidup'),
(225, '3276101402170004', '3275026603980015', 'BELLA MARTHA AULIA ', 'ISTRI', 'P', 'BEKASI', '1998-03-26', 'ISLAM', 'TIDAK', 'SMP/Sederajat', 'MENGURUS RUMAH TANGGA ', 'K', '-', 'Masih Hidup'),
(226, '3276101402170004', '32761004011700007', 'MUHAMMAD AFKAR RADITYA', 'ANAK', 'LK', 'DEPOK', '2017-01-04', 'ISLAM', 'TIDAK', '-', '-', 'BK', '-', 'Masih Hidup'),
(227, '3276012907110043', '3276015707670010', 'YULIATI.S', 'KK', 'P', 'JAKARTA', '1967-07-17', 'ISLAM', 'TIDAK', 'SMA/Sederajat', 'MENGURUS RUMAH TANGGA', 'D/J/C', '-', 'Masih Hidup'),
(228, '3276012402180008', '3276011709910004', 'AHMAD LATIEF', 'KK', 'LK', 'DEPOK', '1991-09-17', 'ISLAM', 'TIDAK', 'SMP/Sederajat', 'KARYAWAN SWASTA', 'K', '-', 'Masih Hidup'),
(229, '3276012402180008', '3276105604970002', 'ENDAH APRILIANI', 'ISTRI', 'P', 'BOGOR', '1997-04-16', 'ISLAM', 'TIDAK', 'SMP/Sederajat', 'WIRASWASTA', 'K', '-', 'Masih Hidup'),
(230, '3276021109070049', '3276027012650002', 'SALBIYAH', 'KK', 'P', 'JAKARTA', '1965-12-30', 'ISLAM', 'TIDAK', 'SD/Sederajat', 'MENGURUS RUMAH TANGGA B', 'D/J/C', '-', 'Masih Hidup'),
(231, '3276021109070049', '3276026606930002', 'INDAH SILVIYANTI', 'ANAK', 'P', 'JAKARTA', '1993-06-26', 'ISLAM', 'TIDAK', 'SMA/Sederajat', 'KARYAWAN SWASTA', 'BK', '-', 'Masih Hidup'),
(232, '3276021109070049', '3276020108020001', 'RIZKY.M.HIDAYAH', 'ANAK', 'LK', 'BOGOR', '2002-08-01', 'ISLAM', 'TIDAK', 'SD/Sederajat', 'PELAJAR/MAHASISWA', 'BK', '-', 'Masih Hidup'),
(233, '3276102602180016', '3276027110940002', 'KEZA NURIYANTI', 'ISTRI', 'P', 'JAKARTA', '1994-10-31', 'ISLAM', 'YA', 'SMA/Sederajat', 'KARYAWAN HONORER', 'K', '-', 'Masih Hidup'),
(234, '3276101405130042', '3276051311870005', 'GABRIEL ADRIAN DIRK SIMAUW', 'KAWIN', 'LK', 'JAKARTA', '1987-11-13', 'ISLAM', 'YA', 'SMA/Sederajat', 'KARYAWAN SWASTA', 'K', '-', 'Masih Hidup'),
(235, '3276101405130042', '3276056309890004', 'JESSICA ANITA SIMAUW', 'LL', 'P', 'JAKART', '1989-09-23', 'PROTESTAN', 'YA', 'SMA/Sederajat', 'KARYAWAN SWASTA', 'BK', '-', 'Masih Hidup'),
(236, '3276081508160009', '3175055609750002', 'ROHAYATI', 'KK', 'P', 'BOGOR', '1975-09-16', 'ISLAM', 'YA', 'SMA/Sederajat', 'MENGURUS RUMAH TANGGA', 'D/J/C', '-', 'Masih Hidup'),
(237, '3276052701180002', '3276052307800017', 'FERRY ISWANDI', 'KK', 'LK', 'JAKARTA', '1980-07-02', 'ISLAM', 'YA', 'SMA/Sederajat', 'WIRASWASTA', 'K', '-', 'Masih Hidup'),
(238, '3276052701180002', '3276025106270005', 'MAYA IVONNE OTOLUWA', 'ISTRI', 'P', 'BOGOR', '1967-02-11', 'ISLAM', 'YA', 'DIPLOMA', 'WIRASWASTA', 'K', '-', 'Masih Hidup'),
(239, '3276101109140020', '3276021908900001', 'EKO ADIANTORO', 'KK', 'LK', 'CIREBON', '1990-08-18', 'ISLAM', 'YA', 'SMA/Sederajat', 'KARYAWAN SWASTA', 'K', '-', 'Masih Hidup'),
(240, '3276101109140020', '3201136606920007', 'DONA RISMALA', 'ISTRI', 'P', 'BOGOR', '2019-06-28', 'ISLAM', 'YA', 'SMA/Sederajat', 'KARYAWAN SWASTA', 'K', '-', 'Masih Hidup'),
(241, '3276101109140020', '327610090413002', 'HAIKAL ADIANTORO', 'ANAK', 'LK', 'DEPOK', '2013-04-09', 'ISLAM', 'YA', '-', '-', 'BK', '-', 'Masih Hidup'),
(242, '3276101109140020', '3276106402170001', 'ALESHA ZAHRA', 'ANAK', 'P', 'DEPOK', '2017-02-24', 'ISLAM', 'YA', '-', '-', 'BK', '-', 'Masih Hidup'),
(243, '3276100509130021', '3276100107770014', 'JUNAEDI', 'KK', 'LK', 'JAKARTA', '1977-07-01', 'ISLAM', 'YA', 'SMA/Sederajat', 'KARYAWAN SWASTA', 'K', '-', 'Masih Hidup'),
(244, '3276100509130021', '3276104707750008', 'YATI', 'ISTRI', 'P', 'BOGOR', '1975-07-07', 'ISLAM', 'YA', 'SMA/Sederajat', 'KARYAWAN SWASTA', 'K', '-', 'Masih Hidup'),
(245, '3276100509130021', '3276102910020005', 'SANDI TEGAR KURNIAWAN ', 'ANAK', 'LK', 'JAKARTA', '2002-10-29', 'ISLAM', 'YA', 'SD/Sederajat', '-', '-', '-', 'Masih Hidup'),
(246, '3276100509130021', '3276102409080006', 'ZAFAAH PUTRA RAMADHAN', 'ANAK', 'LK', 'DEPOK', '2008-08-24', 'ISLAM', 'YA', '-', '-', 'BK', '-', 'Masih Hidup'),
(247, '3276083011160011', '3276050610860003', 'UNTUNG ABIMANYU', 'KK', 'LK', 'JAKARTA', '1986-10-08', 'ISLAM', 'YA', 'SMA/Sederajat', 'KARAWAN SWASTA', 'K', '-', 'Masih Hidup'),
(248, '3276083011160011', '3276085206900002', 'ESI LESTARI', 'ISTRI', 'P', 'SUKABUMI', '1990-06-12', 'ISLAM', 'YA', 'SMA/Sederajat', 'KARYAWAN SWASTA', 'K', '-', 'Masih Hidup'),
(249, '3276101304180020', '3276020605920015', 'WASIS HANDOYO', 'KK', 'LK', 'BOGOR', '1992-05-06', 'ISLAM', 'YA', 'SMA/Sederajat', 'BURUH HARIAN LEPAS', 'K', '-', 'Masih Hidup'),
(250, '3276101304180020', '32761063129500003', 'RISKA HERAWATI', 'ISTRI', 'P', 'BOGOR', '1995-12-23', 'ISLAM', 'YA', 'SMA/Sederajat', 'KARYAWAN SWASTA', 'K', '-', 'Masih Hidup'),
(251, '3276101304180020', '3276101711160009', 'RIZKY PUTRA HANDOYO', 'ANAK', '', 'DEPOK', '2016-11-17', 'ISLAM', 'YA', '-', '-', 'BK', '-', 'Masih Hidup'),
(252, '3276101008160005', '3276055005800004', 'RAHAYU NINGSIH', 'ISTRI', 'P', 'BOGOR', '1980-05-10', 'ISLAM', 'YA', 'SMA/Sederajat', 'MENGURUS RUMAH TANGGA', 'K', '-', 'Masih Hidup'),
(253, '3276101008160005', '32760567110980001', 'RIANA INDAH HANAWATI', 'ANAK', 'P', 'BOGOR', '1998-10-27', 'ISLAM', 'YA', 'SMA/Sederajat', 'PELAJAR/MAHASISWA', 'BK', '-', 'Masih Hidup'),
(254, '3276101008160005', '3276053005020002', 'MUHAMAD RIDWAN MALIK', 'ANAK', 'LK', 'BOGOR', '2002-05-30', 'ISLAM', 'YA', 'SMA/Sederajat', 'PELAJAR/MAHASISWA', 'BK', '-', 'Masih Hidup'),
(255, '3276020209070017', '3276024406880001', 'KURNIATI', 'ISTRI', 'P', 'BOGOR', '1988-06-04', 'ISLAM', 'YA', 'SMA/Sederajat', 'MENGURUS RUMAH TANGGA', 'K', '-', 'Masih Hidup'),
(256, '3276020209070017', '3276021408060001', 'ACHMAD SOLIHIN', 'ANAK', 'LK', 'DEPOK', '2006-08-14', 'ISLAM', 'YA', 'SD/Sederajat', '-', 'BK', '-', 'Masih Hidup'),
(257, '3276020209070017', '322761059041500001', 'SONIA APRILIANI', 'ANAK', 'P', 'DEPOK', '2019-06-19', 'ISLAM', 'YA', '-', '-', 'BK', '-', 'Masih Hidup'),
(258, '3276022101160039', '3276024102540006', 'RAENA', 'KK', 'P', 'PEMALANG', '1954-02-01', 'ISLAM', 'YA', 'SMA/Sederajat', 'MENGURUS RUMAH TANGGA', 'K', '-', 'Masih Hidup'),
(259, '3276022101160039', '3276025011760017', 'SRI NURDAWAITI', 'ANAK', 'P', 'JAKARTA', '1985-12-25', 'ISLAM', 'YA', 'SMA/Sederajat', '-', 'K', '-', 'Masih Hidup'),
(260, '3276022101160039', '3276022512850010', 'HERI KISWANTO', 'ANAK', 'LK', 'BOGOR', '1985-12-25', 'ISLAM', 'YA', 'SMA/Sederajat', 'WIRASWASTA', 'BK', '-', 'Masih Hidup'),
(261, '3276022101160039', '3276026206940008', 'YUNI KARTIKA', 'ANAK', 'P', 'BOGOR', '1994-06-22', 'ISLAM', 'YA', 'SMA/Sederajat', '-', 'BK', '-', 'Masih Hidup'),
(262, '3276021904170001', '3276052307850009', 'HERU PONCO SUTRISNO', 'KK', 'LK', 'BOGOR', '1985-07-23', 'ISLAM', 'YA', 'SMA/Sederajat', 'KARYAWAN SWASTA', 'K', '-', 'Masih Hidup'),
(263, '3276021904170001', '3175046711820011', 'NOVIYANTI RAHAYU', 'ISTRI', 'P', 'JAKARTA', '1982-11-27', 'ISLAM', 'YA', 'SMA/Sederajat', 'MENGURUS RUMAH TANGGA', 'K', '-', 'Masih Hidup'),
(264, '3276021904170001', '3175042802121009', 'BAGAS EKO SUTRISNO', 'ANAK', 'LK', 'JAKARTA', '2012-02-28', 'ISLAM', 'YA', '-', '-', 'BK', '-', 'Masih Hidup'),
(265, '3276021904170001', '3175046602141005', 'NAURA SALSABILLA SUTRISNO', 'ANAK', 'P', 'JAKARTA', '2014-02-26', 'ISLAM', 'YA', '-', '-', 'BK', '-', 'Masih Hidup');

-- --------------------------------------------------------

--
-- Table structure for table `tbl_token`
--

CREATE TABLE `tbl_token` (
  `id` int(11) NOT NULL,
  `id_penghuni` varchar(30) NOT NULL,
  `no_token` varchar(30) NOT NULL,
  `jumlah_kwh` float NOT NULL,
  `harga_token` int(11) NOT NULL,
  `tax` float NOT NULL,
  `status` enum('Terjual','Belum Terjual') NOT NULL
) ENGINE=InnoDB DEFAULT CHARSET=latin1;

--
-- Dumping data for table `tbl_token`
--

INSERT INTO `tbl_token` (`id`, `id_penghuni`, `no_token`, `jumlah_kwh`, `harga_token`, `tax`, `status`) VALUES
(1, 'A101', '2992 1772 8810 0182 8819', 15, 20000, 0, 'Terjual'),
(2, 'A104', '2233 5666 8552 2154 6665', 0, 0, 0, 'Terjual');

-- --------------------------------------------------------

--
-- Table structure for table `tbl_unit`
--

CREATE TABLE `tbl_unit` (
  `id_unit` varchar(20) NOT NULL,
  `no_kwh` text NOT NULL,
  `unit` text NOT NULL,
  `gedung` text NOT NULL,
  `lantai` text NOT NULL,
  `kamar` text NOT NULL,
  `harga` text NOT NULL,
  `status` enum('Isi','Kosong','Booking','Rusak Ringan','Rusak Berat') NOT NULL
) ENGINE=InnoDB DEFAULT CHARSET=latin1;

--
-- Dumping data for table `tbl_unit`
--

INSERT INTO `tbl_unit` (`id_unit`, `no_kwh`, `unit`, `gedung`, `lantai`, `kamar`, `harga`, `status`) VALUES
('A101', '063670180494 ', 'A11', 'A', '1', '1', '250000', 'Isi'),
('A102', '063670180403', 'A12', 'A', '1', '2', '250000', 'Kosong'),
('A103', '063670293065', 'A13', 'A', '1', '3', '250000', 'Kosong'),
('A104', '063670293016 ', 'A14', 'A', '1', '4', '250000', 'Isi'),
('A105', '063670293156', 'A15', 'A', '1', '5', '250000', 'Isi'),
('A106', '063670293073', 'A16', 'A', '1', '6', '250000', 'Kosong'),
('A107', '063670275112', 'A17', 'A', '1', '7', '250000', 'Kosong'),
('A108', '063670293032', 'A18', 'A', '1', '8', '250000', 'Isi'),
('A109', '063670293081 ', 'A19', 'A', '1', '9', '250000', 'Isi'),
('A110', '063670293123 ', 'A110', 'A', '1', '10', '250000', 'Kosong'),
('A111', '063670293040 ', 'A111', 'A', '1', '11', '250000', 'Isi'),
('A112', '063670293131', 'A112', 'A', '1', '12', '250000', 'Isi'),
('A113', '063670293115', 'A113', 'A', '1', '13', '250000', 'Isi'),
('A114', '063670275229', 'A114', 'A', '1', '14', '250000', 'Isi'),
('A115', '063670293107', 'A115', 'A', '1', '15', '250000', 'Isi'),
('A116', '063670293024', 'A116', 'A', '1', '16', '250000', 'Kosong'),
('A117', '063670293099 ', 'A117', 'A', '1', '17', '250000', 'Kosong'),
('A118', '063670293164 ', 'A118', 'A', '1', '18', '250000', 'Isi'),
('A119', '063670240173 ', 'A119', 'A', '1', '19', '250000', 'Kosong'),
('A120', '063670240108', 'A120', 'A', '1', '20', '250000', 'Kosong'),
('A121', '063670240124 ', 'A121', 'A', '1', '21', '250000', 'Isi'),
('A122', '063670240165 ', 'A122', 'A', '1', '22', '250000', 'Kosong'),
('A123', '063670180411 ', 'A123', 'A', '1', '23', '250000', 'Isi'),
('A124', '063670240090 ', 'A124', 'A', '1', '24', '250000', 'Kosong'),
('A201', '063670294642', 'A21', 'A', '2', '1', '225000', 'Isi'),
('A202', '063670240074', 'A22', 'A', '2', '2', '225000', 'Isi'),
('A203', '063670240066 ', 'A23', 'A', '2', '3', '225000', 'Isi'),
('A204', '063670240116', 'A24', 'A', '2', '4', '225000', 'Kosong'),
('A205', '063670240207 ', 'A25', 'A', '2', '5', '225000', 'Kosong'),
('A206', '063670240199 ', 'A26', 'A', '2', '6', '225000', 'Isi'),
('A207', '063670279197', 'A27', 'A', '2', '7', '225000', 'Isi'),
('A208', '063670279171 ', 'A28', 'A', '2', '8', '225000', 'Kosong'),
('A209', '063670279239', 'A29', 'A', '2', '9', '225000', 'Kosong'),
('A210', '063670279114', 'A210', 'A', '2', '10', '225000', 'Isi'),
('A211', '063670279122 ', 'A211', 'A', '2', '11', '225000', 'Isi'),
('A212', '063670279247 ', 'A212', 'A', '2', '12', '225000', 'Kosong'),
('A213', '063670279213 ', 'A213', 'A', '2', '13', '225000', 'Isi'),
('A214', '063670279148 ', 'A214', 'A', '2', '14', '225000', 'Isi'),
('A215', '063670279130 ', 'A215', 'A', '2', '15', '225000', 'Kosong'),
('A216', '063670279163 ', 'A216', 'A', '2', '16', '225000', 'Kosong'),
('A217', '063670279205', 'A217', 'A', '2', '17', '225000', 'Isi'),
('A218', '063670279189 ', 'A218', 'A', '2', '18', '225000', 'Kosong'),
('A219', '063670240181 ', 'A219', 'A', '2', '19', '225000', 'Isi'),
('A220', '063670240058 ', 'A220', 'A', '2', '20', '225000', 'Isi'),
('A221', '063670240082 ', 'A221', 'A', '2', '21', '225000', 'Isi'),
('A222', '063670180510', 'A222', 'A', '2', '22', '225000', 'Isi'),
('A223', '063670240140 ', 'A223', 'A', '2', '23', '225000', 'Kosong'),
('A224', '063670240157 ', 'A224', 'A', '2', '24', '225000', 'Kosong'),
('A301', '063670180486 ', 'A31', 'A', '3', '1', '200000', 'Kosong'),
('A302', '063670275245', 'A32', 'A', '3', '2', '200000', 'Kosong'),
('A303', '063670306925', 'A33', 'A', '3', '3', '200000', 'Isi'),
('A304', '063670305216 ', 'A34', 'A', '3', '4', '200000', 'Kosong'),
('A305', '063670307329', 'A35', 'A', '3', '5', '200000', 'Booking'),
('A306', '063670180460 ', 'A36', 'A', '3', '6', '200000', 'Isi'),
('A307', '063670305240 ', 'A37', 'A', '3', '7', '200000', 'Isi'),
('A308', '063670180452 ', 'A38', 'A', '3', '8', '200000', 'Kosong'),
('A309', '063670275211 ', 'A39', 'A', '3', '9', '200000', 'Kosong'),
('A310', '063670275138 ', 'A310', 'A', '3', '10', '200000', 'Isi'),
('A311', '063670294683 ', 'A311', 'A', '3', '11', '200000', 'Isi'),
('A312', '063670294709', 'A312', 'A', '3', '12', '200000', 'Kosong'),
('A313', '063670294618 ', 'A313', 'A', '3', '13', '200000', 'Isi'),
('A314', '063670294626 ', 'A314', 'A', '3', '14', '200000', 'Isi'),
('A315', '063670275203', 'A315', 'A', '3', '15', '200000', 'Kosong'),
('A316', '063670275153', 'A316', 'A', '3', '16', '200000', 'Kosong'),
('A317', '063670275237', 'A317', 'A', '3', '17', '200000', 'Isi'),
('A318', '063670180445', 'A318', 'A', '3', '18', '200000', 'Isi'),
('A319', '063670180379 ', 'A319', 'A', '3', '19', '200000', 'Kosong'),
('A320', '063670275146', 'A320', 'A', '3', '20', '200000', 'Kosong'),
('A321', '063670275195 ', 'A321', 'A', '3', '21', '200000', 'Kosong'),
('A322', '063670304078', 'A322', 'A', '3', '22', '200000', 'Kosong'),
('A323', '063670180478', 'A323', 'A', '3', '23', '200000', 'Kosong'),
('A324', '063670180502', 'A324', 'A', '3', '24', '200000', 'Kosong'),
('A401', '', 'A41', 'A', '4', '1', '170000', 'Kosong'),
('A402', '', 'A42', 'A', '4', '2', '170000', 'Kosong'),
('A403', '', 'A43', 'A', '4', '3', '170000', 'Kosong'),
('A404', '', 'A44', 'A', '4', '4', '170000', 'Kosong'),
('A405', '', 'A45', 'A', '4', '5', '170000', 'Kosong'),
('A406', '', 'A46', 'A', '4', '6', '170000', 'Kosong'),
('A407', '', 'A47', 'A', '4', '7', '170000', 'Kosong'),
('A408', '', 'A48', 'A', '4', '8', '170000', 'Kosong'),
('A409', '', 'A49', 'A', '4', '9', '170000', 'Kosong'),
('A410', '', 'A410', 'A', '4', '10', '170000', 'Kosong'),
('A411', '', 'A411', 'A', '4', '11', '170000', 'Kosong'),
('A412', '', 'A412', 'A', '4', '12', '170000', 'Kosong'),
('A413', '', 'A413', 'A', '4', '13', '170000', 'Kosong'),
('A414', '', 'A414', 'A', '4', '14', '170000', 'Kosong'),
('A415', '', 'A415', 'A', '4', '15', '170000', 'Kosong'),
('A416', '', 'A416', 'A', '4', '16', '170000', 'Kosong'),
('A417', '', 'A417', 'A', '4', '17', '170000', 'Kosong'),
('A418', '', 'A418', 'A', '4', '18', '170000', 'Kosong'),
('A419', '', 'A419', 'A', '4', '19', '170000', 'Kosong'),
('A420', '', 'A420', 'A', '4', '20', '170000', 'Kosong'),
('A421', '', 'A421', 'A', '4', '21', '170000', 'Kosong'),
('A422', '', 'A422', 'A', '4', '22', '170000', 'Kosong'),
('A423', '', 'A423', 'A', '4', '23', '170000', 'Kosong'),
('A424', '', 'A424', 'A', '4', '24', '170000', 'Kosong'),
('B101', '47000059643 ', 'B11', 'B', '1', '1', '250000', 'Isi'),
('B102', '47000059155 ', 'B12', 'B', '1', '2', '250000', 'Isi'),
('B103', '47000059171 ', 'B13', 'B', '1', '3', '250000', 'Isi'),
('B104', '47000059148 ', 'B14', 'B', '1', '4', '250000', 'Isi'),
('B105', '47000059205 ', 'B15', 'B', '1', '5', '250000', 'Isi'),
('B106', '47000059114 ', 'B16', 'B', '1', '6', '250000', 'Kosong'),
('B107', '47000059213 ', 'B17', 'B', '1', '7', '250000', 'Isi'),
('B108', '47000059569', 'B18', 'B', '1', '8', '250000', 'Isi'),
('B109', ' 47000059338', 'B19', 'B', '1', '9', '250000', 'Isi'),
('B110', '47000059411  	', 'B110', 'B', '1', '10', '250000', 'Isi'),
('B111', '47000059320 ', 'B111', 'B', '1', '11', '250000', 'Kosong'),
('B112', '47000059601', 'B112', 'B', '1', '12', '250000', 'Isi'),
('B113', '47000059312', 'B113', 'B', '1', '13', '250000', 'Isi'),
('B114', '47000059460', 'B114', 'B', '1', '14', '250000', 'Isi'),
('B115', '47000059445 ', 'B115', 'B', '1', '15', '250000', 'Kosong'),
('B116', '47000059304 ', 'B116', 'B', '1', '16', '250000', 'Isi'),
('B117', '47000059551  	', 'B117', 'B', '1', '17', '250000', 'Isi'),
('B118', '47000059346 ', 'B118', 'B', '1', '18', '250000', 'Isi'),
('B119', '47000059130', 'B119', 'B', '1', '19', '250000', 'Isi'),
('B120', '47000059247', 'B120', 'B', '1', '20', '250000', 'Isi'),
('B121', '47000059254 ', 'B121', 'B', '1', '21', '250000', 'Kosong'),
('B122', '47000059270 ', 'B122', 'B', '1', '22', '250000', 'Isi'),
('B123', '47000059619 ', 'B123', 'B', '1', '23', '250000', 'Isi'),
('B124', '47000059262', 'B124', 'B', '1', '24', '250000', 'Isi'),
('B201', '47000059544', 'B21', 'B', '2', '1', '225000', 'Isi'),
('B202', '47000059239 ', 'B22', 'B', '2', '2', '225000', 'Isi'),
('B203', '47000059510', 'B23', 'B', '2', '3', '225000', 'Kosong'),
('B204', '47000059528', 'B24', 'B', '2', '4', '225000', 'Isi'),
('B205', '47000059502', 'B25', 'B', '2', '5', '225000', 'Isi'),
('B206', '47000059122', 'B26', 'B', '2', '6', '225000', 'Isi'),
('B207', '47000059429', 'B27', 'B', '2', '7', '225000', 'Isi'),
('B208', '47000059577', 'B28', 'B', '2', '8', '225000', 'Isi'),
('B209', '47000059635', 'B29', 'B', '2', '9', '225000', 'Kosong'),
('B210', '47000059536 ', 'B210', 'B', '2', '10', '225000', 'Isi'),
('B211', '47000059163', 'B211', 'B', '2', '11', '225000', 'Isi'),
('B212', '47000059197', 'B212', 'B', '2', '12', '225000', 'Isi'),
('B213', '47000059494', 'B213', 'B', '2', '13', '225000', 'Isi'),
('B214', '47000059189 ', 'B214', 'B', '2', '14', '225000', 'Isi'),
('B215', '47000059486 ', 'B215', 'B', '2', '15', '225000', 'Isi'),
('B216', '47000059221', 'B216', 'B', '2', '16', '225000', 'Isi'),
('B217', '47000059288', 'B217', 'B', '2', '17', '225000', 'Isi'),
('B218', '47000059627', 'B218', 'B', '2', '18', '225000', 'Isi'),
('B219', '47000059593 ', 'B219', 'B', '2', '19', '225000', 'Isi'),
('B220', '47000059379 ', 'B220', 'B', '2', '20', '225000', 'Isi'),
('B221', '47000059452', 'B221', 'B', '2', '21', '225000', 'Isi'),
('B222', '47000059353', 'B222', 'B', '2', '22', '225000', 'Isi'),
('B223', '47000059478', 'B223', 'B', '2', '23', '225000', 'Isi'),
('B224', '47000059585', 'B224', 'B', '2', '24', '225000', 'Isi'),
('B301', '47000059858 ', 'B31', 'B', '3', '1', '200000', 'Isi'),
('B302', '47000059361 ', 'B32', 'B', '3', '2', '200000', 'Isi'),
('B303', '', 'B33', 'B', '3', '3', '200000', 'Kosong'),
('B304', '47000059726', 'B34', 'B', '3', '4', '200000', 'Kosong'),
('B305', '', 'B35', 'B', '3', '5', '200000', 'Kosong'),
('B306', '47000059759 ', 'B36', 'B', '3', '6', '200000', 'Isi'),
('B307', '', 'B37', 'B', '3', '7', '200000', 'Kosong'),
('B308', '47000059734', 'B38', 'B', '3', '8', '200000', 'Kosong'),
('B309', '', 'B39', 'B', '3', '9', '200000', 'Kosong'),
('B310', '', 'B310', 'B', '3', '10', '200000', 'Kosong'),
('B311', '47000059684 ', 'B311', 'B', '3', '11', '200000', 'Isi'),
('B312', '47000059700 ', 'B312', 'B', '3', '12', '200000', 'Isi'),
('B313', '47000060062 ', 'B313', 'B', '3', '13', '200000', 'Isi'),
('B314', '', 'B314', 'B', '3', '14', '200000', 'Kosong'),
('B315', '', 'B315', 'B', '3', '15', '200000', 'Kosong'),
('B316', '', 'B316', 'B', '3', '16', '200000', 'Kosong'),
('B317', '47000059668 ', 'B317', 'B', '3', '17', '200000', 'Isi'),
('B318', '47000059981', 'B318', 'B', '3', '18', '200000', 'Isi'),
('B319', '7000059817 ', 'B319', 'B', '3', '19', '200000', 'Isi'),
('B320', '', 'B320', 'B', '3', '20', '200000', 'Kosong'),
('B321', '47000059437 ', 'B321', 'B', '3', '21', '200000', 'Isi'),
('B322', '47000059395 ', 'B322', 'B', '3', '22', '200000', 'Isi'),
('B323', '47000059403 ', 'B323', 'B', '3', '23', '200000', 'Isi'),
('B324', '47000059841 ', 'B324', 'B', '3', '24', '200000', 'Isi'),
('B401', '', 'B41', 'B', '4', '1', '170000', 'Kosong'),
('B402', '', 'B42', 'B', '4', '2', '170000', 'Kosong'),
('B403', '', 'B43', 'B', '4', '3', '170000', 'Kosong'),
('B404', '', 'B44', 'B', '4', '4', '170000', 'Kosong'),
('B405', '', 'B45', 'B', '4', '5', '170000', 'Kosong'),
('B406', '', 'B46', 'B', '4', '6', '170000', 'Kosong'),
('B407', '', 'B47', 'B', '4', '7', '170000', 'Kosong'),
('B408', '', 'B48', 'B', '4', '8', '170000', 'Kosong'),
('B409', '', 'B49', 'B', '4', '9', '170000', 'Kosong'),
('B410', '', 'B410', 'B', '4', '10', '170000', 'Kosong'),
('B411', '', 'B411', 'B', '4', '11', '170000', 'Kosong'),
('B412', '', 'B412', 'B', '4', '12', '170000', 'Kosong'),
('B413', '', 'B413', 'B', '4', '13', '170000', 'Kosong'),
('B414', '', 'B414', 'B', '4', '14', '170000', 'Kosong'),
('B415', '', 'B415', 'B', '4', '15', '170000', 'Kosong'),
('B416', '', 'B416', 'B', '4', '16', '170000', 'Kosong'),
('B417', '', 'B417', 'B', '4', '17', '170000', 'Kosong'),
('B418', '', 'B418', 'B', '4', '18', '170000', 'Kosong'),
('B419', '', 'B419', 'B', '4', '19', '170000', 'Kosong'),
('B420', '', 'B420', 'B', '4', '20', '170000', 'Kosong'),
('B421', '', 'B421', 'B', '4', '21', '170000', 'Kosong'),
('B422', '', 'B422', 'B', '4', '22', '170000', 'Kosong'),
('B423', '', 'B423', 'B', '4', '23', '170000', 'Kosong'),
('B424', '', 'B424', 'B', '4', '24', '170000', 'Kosong'),
('C101', '', 'C11', 'C', '1', '1', '250000', 'Isi'),
('C102', '', 'C12', 'C', '1', '2', '250000', 'Kosong'),
('C103 ', '', 'C13', 'C', '1', '3', '250000', 'Isi'),
('C104', '', 'C14', 'C', '1', '4', '250000', 'Isi'),
('C105', '', 'C15', 'C', '1', '5', '250000', 'Isi'),
('C106', '', 'C16', 'C', '1', '6', '250000', 'Kosong'),
('C107', '', 'C17', 'C', '1', '7', '250000', 'Kosong'),
('C108 ', '', 'C18', 'C', '1', '8', '250000', 'Isi'),
('C109', '', 'C19', 'C', '1', '9', '250000', 'Kosong'),
('C110', '', 'C110', 'C', '1', '10', '250000', 'Kosong'),
('C111', '', 'C111', 'C', '1', '11', '250000', 'Isi'),
('C112', '', 'C112', 'C', '1', '12', '250000', 'Isi'),
('C113 ', '', 'C113', 'C', '1', '13', '250000', 'Isi'),
('C114', '', 'C114', 'C', '1', '14', '250000', 'Kosong'),
('C115', '', 'C115', 'C', '1', '15', '250000', 'Kosong'),
('C116', '', 'C116', 'C', '1', '16', '250000', 'Isi'),
('C117', '', 'C117', 'C', '1', '17', '250000', 'Isi'),
('C118 ', '', 'C118', 'C', '1', '18', '250000', 'Isi'),
('C119 ', '', 'C119', 'C', '1', '19', '250000', 'Isi'),
('C120 ', '', 'C120', 'C', '1', '20', '250000', 'Isi'),
('C121', '', 'C121', 'C', '1', '21', '250000', 'Kosong'),
('C122 ', '', 'C122', 'C', '1', '22', '250000', 'Kosong'),
('C123', '', 'C123', 'C', '1', '23', '250000', 'Isi'),
('C124', '', 'C124', 'C', '1', '24', '250000', 'Isi'),
('C201', '', 'C21', 'C', '2', '1', '225000', 'Kosong'),
('C202', '', 'C22', 'C', '2', '2', '225000', 'Kosong'),
('C203', '', 'C23', 'C', '2', '3', '225000', 'Kosong'),
('C204', '', 'C24', 'C', '2', '4', '225000', 'Kosong'),
('C205', '', 'C25', 'C', '2', '5', '225000', 'Kosong'),
('C206', '', 'C26', 'C', '2', '6', '225000', 'Kosong'),
('C207', '', 'C27', 'C', '2', '7', '225000', 'Kosong'),
('C208', '', 'C28', 'C', '2', '8', '225000', 'Kosong'),
('C209', '', 'C29', 'C', '2', '9', '225000', 'Kosong'),
('C210', '', 'C210', 'C', '2', '10', '225000', 'Kosong'),
('C211', '', 'C211', 'C', '2', '11', '225000', 'Kosong'),
('C212', '', 'C212', 'C', '2', '12', '225000', 'Kosong'),
('C213', '', 'C213', 'C', '2', '13', '225000', 'Isi'),
('C214', '', 'C214', 'C', '2', '14', '225000', 'Kosong'),
('C215', '', 'C215', 'C', '2', '15', '225000', 'Kosong'),
('C216', '', 'C216', 'C', '2', '16', '225000', 'Kosong'),
('C217', '', 'C217', 'C', '2', '17', '225000', 'Kosong'),
('C218', '', 'C218', 'C', '2', '18', '225000', 'Kosong'),
('C219', '', 'C219', 'C', '2', '19', '225000', 'Kosong'),
('C220', '', 'C220', 'C', '2', '20', '225000', 'Kosong'),
('C221', '', 'C221', 'C', '2', '21', '225000', 'Kosong'),
('C222', '', 'C222', 'C', '2', '22', '225000', 'Kosong'),
('C223', '', 'C223', 'C', '2', '23', '225000', 'Kosong'),
('C224', '56708239894', 'C224', 'C', '2', '24', '225000', 'Isi'),
('C301', '', 'C31', 'C', '3', '1', '200000', 'Kosong'),
('C302', '', 'C32', 'C', '3', '2', '200000', 'Kosong'),
('C303', '', 'C33', 'C', '3', '3', '200000', 'Kosong'),
('C304', '', 'C34', 'C', '3', '4', '200000', 'Kosong'),
('C305', '', 'C35', 'C', '3', '5', '200000', 'Kosong'),
('C306', '', 'C36', 'C', '3', '6', '200000', 'Kosong'),
('C307', '', 'C37', 'C', '3', '7', '200000', 'Kosong'),
('C308', '', 'C38', 'C', '3', '8', '200000', 'Kosong'),
('C309', '', 'C39', 'C', '3', '9', '200000', 'Kosong'),
('C310', '', 'C310', 'C', '3', '10', '200000', 'Kosong'),
('C311', '', 'C311', 'C', '3', '11', '200000', 'Kosong'),
('C312', '', 'C312', 'C', '3', '12', '200000', 'Kosong'),
('C313', '', 'C313', 'C', '3', '13', '200000', 'Kosong'),
('C314', '', 'C314', 'C', '3', '14', '200000', 'Kosong'),
('C315', '', 'C315', 'C', '3', '15', '200000', 'Kosong'),
('C316', '', 'C316', 'C', '3', '16', '200000', 'Kosong'),
('C317', '', 'C317', 'C', '3', '17', '200000', 'Kosong'),
('C318', '', 'C318', 'C', '3', '18', '200000', 'Kosong'),
('C319', '', 'C319', 'C', '3', '19', '200000', 'Kosong'),
('C320', '', 'C320', 'C', '3', '20', '200000', 'Kosong'),
('C321', '', 'C321', 'C', '3', '21', '200000', 'Kosong'),
('C322', '', 'C322', 'C', '3', '22', '200000', 'Kosong'),
('C323', '', 'C323', 'C', '3', '23', '200000', 'Kosong'),
('C324', '', 'C324', 'C', '3', '24', '200000', 'Kosong'),
('C401', '', 'C41', 'C', '4', '1', '170000', 'Kosong'),
('C402', '', 'C42', 'C', '4', '2', '170000', 'Kosong'),
('C403', '', 'C43', 'C', '4', '3', '170000', 'Kosong'),
('C404', '', 'C44', 'C', '4', '4', '170000', 'Kosong'),
('C405', '', 'C45', 'C', '4', '5', '170000', 'Kosong'),
('C406', '', 'C46', 'C', '4', '6', '170000', 'Kosong'),
('C407', '', 'C47', 'C', '4', '7', '170000', 'Kosong'),
('C408', '', 'C48', 'C', '4', '8', '170000', 'Kosong'),
('C409', '', 'C49', 'C', '4', '9', '170000', 'Kosong'),
('C410', '', 'C410', 'C', '4', '10', '170000', 'Kosong'),
('C411', '', 'C411', 'C', '4', '11', '170000', 'Kosong'),
('C412', '', 'C412', 'C', '4', '12', '170000', 'Kosong'),
('C413', '', 'C413', 'C', '4', '13', '170000', 'Kosong'),
('C414', '', 'C414', 'C', '4', '14', '170000', 'Kosong'),
('C415', '', 'C415', 'C', '4', '15', '170000', 'Kosong'),
('C416', '', 'C416', 'C', '4', '16', '170000', 'Kosong'),
('C417', '', 'C417', 'C', '4', '17', '170000', 'Kosong'),
('C418', '', 'C418', 'C', '4', '18', '170000', 'Kosong'),
('C419', '', 'C419', 'C', '4', '19', '170000', 'Kosong'),
('C420', '', 'C420', 'C', '4', '20', '170000', 'Kosong'),
('C421', '', 'C421', 'C', '4', '21', '170000', 'Kosong'),
('C422', '', 'C422', 'C', '4', '22', '170000', 'Kosong'),
('C423', '', 'C423', 'C', '4', '23', '170000', 'Kosong'),
('C424', '', 'C424', 'C', '4', '24', '170000', 'Kosong');

-- --------------------------------------------------------

--
-- Stand-in structure for view `umur_p`
-- (See below for the actual view)
--
CREATE TABLE `umur_p` (
`nik` text
,`id_kk` varchar(30)
,`gedung` text
,`lantai` text
,`unit` text
,`nama` text
,`jenis_kelamin` text
,`status` text
,`tgl_lahir` date
,`t_lahir` int(5)
);

-- --------------------------------------------------------

--
-- Table structure for table `update_berita`
--

CREATE TABLE `update_berita` (
  `kode_berita` varchar(10) NOT NULL,
  `judul_berita` text NOT NULL,
  `gambar` text NOT NULL,
  `deskripsi` varchar(400) NOT NULL,
  `tanggal` datetime NOT NULL
) ENGINE=InnoDB DEFAULT CHARSET=latin1;

--
-- Dumping data for table `update_berita`
--

INSERT INTO `update_berita` (`kode_berita`, `judul_berita`, `gambar`, `deskripsi`, `tanggal`) VALUES
('BR001', 'Berita Pertama', 'i.jpg', '<p>asdad</p>\r\n', '2019-05-16 22:08:19'),
('BR002', 'Berita Kedua', 'h.jpg', 'Pos Satpam Rusunawa Depok', '2019-03-14 05:49:43'),
('BR003', 'Berita Ketiga', 'k.jpg', 'Masjid Rusunawa Depok', '2019-03-14 05:50:24'),
('BR004', 'Berita Keempat', 'm.jpg', 'Taman Rusunawa Depok', '2019-03-14 05:50:51'),
('BR005', 'Berita Kelima', 'm.jpg', 'UPT Rusunawa Kota Depok', '2019-03-26 10:33:49'),
('BR006', 'Berita Keenam', 'k.jpg', 'sadadas', '2019-05-16 21:55:28');

-- --------------------------------------------------------

--
-- Table structure for table `update_galery`
--

CREATE TABLE `update_galery` (
  `kode` varchar(16) NOT NULL,
  `gambar` text NOT NULL,
  `tanggal` datetime NOT NULL
) ENGINE=InnoDB DEFAULT CHARSET=latin1;

--
-- Dumping data for table `update_galery`
--

INSERT INTO `update_galery` (`kode`, `gambar`, `tanggal`) VALUES
('GR001', 'h.jpg', '2019-03-12 10:11:20'),
('GR002', 'e.jpg', '2019-03-12 10:13:01'),
('GR003', 'i.jpg', '2019-03-12 10:13:27'),
('GR004', 'g.jpg', '2019-03-12 10:15:21'),
('GR005', 'm.jpg', '2019-03-12 10:15:42'),
('GR006', 'j.jpg', '2019-03-12 10:16:28'),
('GR007', 'k.jpg', '2019-03-12 10:16:49'),
('GR008', 'l.jpg', '2019-03-12 10:33:07');

-- --------------------------------------------------------

--
-- Table structure for table `update_sambutan`
--

CREATE TABLE `update_sambutan` (
  `kode_sambutan` varchar(16) NOT NULL,
  `gambar` text NOT NULL,
  `kata_sambutan` text NOT NULL
) ENGINE=InnoDB DEFAULT CHARSET=latin1;

--
-- Dumping data for table `update_sambutan`
--

INSERT INTO `update_sambutan` (`kode_sambutan`, `gambar`, `kata_sambutan`) VALUES
('BS001', 'pa_tedy.jpg', '<p style=\"text-align:justify\"><span style=\"font-family:Comic Sans MS,cursive\">Assalamu&rsquo;alaikum Wr. Wb.</span></p>\r\n\r\n<p style=\"text-align:justify\"><span style=\"font-family:Comic Sans MS,cursive\">Hadirin yang berbahagia, Pada kesempatan yang sangat baik ini marilah kita panjatkan puji syukur kehadirat Allah SWT yang telah memberi rahmat dan hidayahnya kepada kita semua serta tiada henti-hentinya memberikan nikmat yang tidak mungkin dapat kita hitung semua. Baik itu berupa nikmat kesehatan, nikmat iman Islam, nikmat panjang umur hingga saat ini sehingga kita dapat berkumpul dalam acara menyambut datangnya bulan suci ramadhan.</span></p>\r\n\r\n<p style=\"text-align:justify\"><span style=\"font-family:Comic Sans MS,cursive\">Selanjutnya sholawat serta salam semoga tetap tercurahkan kepada junjungan kita, Nabi Muhammad SAW, Keluarganya, Sahabatnya dan para pengikutnya hingga akhir zaman. Hadirin yang dirahmati Allah SWT, Kita semua tahu bawa diwajibkan bagi setiap orang beriman untuk berpuasa di bulan suci Ramadhan seperti juga telah diwajibkan kepada orang-orang yang sebelum kita.</span></p>\r\n\r\n<p style=\"text-align:justify\"><span style=\"font-family:Comic Sans MS,cursive\">Sebagaimana firman Allah dalam surat Al-Baqarah ayat 183 yang artinya sebagai berikut: &ldquo;Wahai orang-orang yang beriman! Diwajibkan berpuasa atas kalian sebagaimana telah diwajibkan atas orang-orang sebelum kalian, supaya kalian menjadi orang yang bertaqwa&rdquo; ( QS. Al-Baqarah : 183 ). Melalui ayat tersebut, Allah memberikan perintah kepada manusia untuk melaksanakan puasa. Dengan berpuasa, seseorang akan diuji ketaqwaannya dalam melawan hawa nafsu, menahan rasa lapar dan dahaga. Sebentar lagi kita akan bertemu dengan bulan suci Ramadhan, dimana seluruh umat Islam dimana saja berada diwajibkan untuk mengerjakan ibadah puasa.</span></p>\r\n\r\n<p style=\"text-align:justify\"><span style=\"font-family:Comic Sans MS,cursive\">Bulan Ramadhan adalah bulan yang mulia, bulan yang suci yang penuh dengan rahmat dan ampunan Allah SWT. Untuk itu marilah kita sambut bulan Ramadhan ini dengan hati yang ikhlas, dan rasa gembira, Jadikan bulan Ramadhan ini sebagai bulan panen amal kebajikan untuk bekal hidup di akhirat kelak. Hadirin yang berbahagia, Marilah kita sambut kedatangan bulan Ramadhan ini dengan mempersiapkan diri dengan sebaik-baiknya, dengan niat yang tulus, riang gembira agar menjadi momentum yang berkesan dalam membersihkan hati dan pikiran kita.</span></p>\r\n\r\n<p style=\"text-align:justify\"><span style=\"font-family:Comic Sans MS,cursive\">Kita sambut kedatangan bulan Ramadhan ini dengan ikhlas hati. Karena puasa Ramadhan itu adalah merupakan panggilan Illahi yang ditujukan kepada orang-orang yang beriman. Sampai di sini saja pidato sambutan ini, Bila ada kata-kata yang kurang berkenan di hati mohon dibukakan pintu maaf yang sebesar-besarnya.</span></p>\r\n\r\n<p style=\"text-align:justify\"><span style=\"font-family:Comic Sans MS,cursive\">Akhirul kalam, uushikum wanafsii wa-iyyaaya bitaqwallohi,</span></p>\r\n\r\n<p style=\"text-align:justify\"><span style=\"font-family:Comic Sans MS,cursive\">wassalamu &lsquo;alaikum warohmatullohi wabarokaatuhu.</span></p>\r\n');

-- --------------------------------------------------------

--
-- Table structure for table `user`
--

CREATE TABLE `user` (
  `kode_user` varchar(16) NOT NULL,
  `username` varchar(30) NOT NULL,
  `password` varchar(16) NOT NULL,
  `level` varchar(16) NOT NULL
) ENGINE=InnoDB DEFAULT CHARSET=latin1;

--
-- Dumping data for table `user`
--

INSERT INTO `user` (`kode_user`, `username`, `password`, `level`) VALUES
('US001', 'admin', 'admin123', 'admin'),
('US002', 'user', '123', 'user'),
('US003', 'hrd', '321', 'hrd'),
('US004', 'Cahyo', '2002', 'admin');

-- --------------------------------------------------------

--
-- Structure for view `umur_p`
--
DROP TABLE IF EXISTS `umur_p`;

CREATE ALGORITHM=UNDEFINED DEFINER=`root`@`localhost` SQL SECURITY DEFINER VIEW `umur_p`  AS  select `tbl_penduduk`.`nik` AS `nik`,`tbl_keluarga`.`id_kk` AS `id_kk`,`tbl_unit`.`gedung` AS `gedung`,`tbl_unit`.`lantai` AS `lantai`,`tbl_unit`.`unit` AS `unit`,`tbl_penduduk`.`nama` AS `nama`,`tbl_penduduk`.`jenis_kelamin` AS `jenis_kelamin`,`tbl_penduduk`.`status_kawin` AS `status`,`tbl_penduduk`.`tgl_lahir` AS `tgl_lahir`,(year(curdate()) - year(`tbl_penduduk`.`tgl_lahir`)) AS `t_lahir` from ((`tbl_penduduk` join `tbl_unit`) join `tbl_keluarga`) where ((`tbl_penduduk`.`id_kk` = `tbl_keluarga`.`id_kk`) and (`tbl_keluarga`.`id_penghuni` = `tbl_unit`.`id_unit`) and (year(curdate()) - year(`tbl_penduduk`.`tgl_lahir`))) ;

--
-- Indexes for dumped tables
--

--
-- Indexes for table `booking_unit`
--
ALTER TABLE `booking_unit`
  ADD PRIMARY KEY (`kode_booking`);

--
-- Indexes for table `sarana_sosial`
--
ALTER TABLE `sarana_sosial`
  ADD PRIMARY KEY (`id_sosial`);

--
-- Indexes for table `tbl_alamat`
--
ALTER TABLE `tbl_alamat`
  ADD PRIMARY KEY (`id_alamat`);

--
-- Indexes for table `tbl_inventory`
--
ALTER TABLE `tbl_inventory`
  ADD PRIMARY KEY (`id`);

--
-- Indexes for table `tbl_kamar`
--
ALTER TABLE `tbl_kamar`
  ADD PRIMARY KEY (`kode_kamar`);

--
-- Indexes for table `tbl_keluarga`
--
ALTER TABLE `tbl_keluarga`
  ADD PRIMARY KEY (`id_kk`);

--
-- Indexes for table `tbl_keluarga_get_modal`
--
ALTER TABLE `tbl_keluarga_get_modal`
  ADD PRIMARY KEY (`id_modal`);

--
-- Indexes for table `tbl_keluarga_meninggal`
--
ALTER TABLE `tbl_keluarga_meninggal`
  ADD PRIMARY KEY (`id_meninggal`);

--
-- Indexes for table `tbl_keluarga_sejahtera`
--
ALTER TABLE `tbl_keluarga_sejahtera`
  ADD PRIMARY KEY (`id_sejahtera`);

--
-- Indexes for table `tbl_keluarga_status_dan_kb`
--
ALTER TABLE `tbl_keluarga_status_dan_kb`
  ADD PRIMARY KEY (`id_sdk`);

--
-- Indexes for table `tbl_kontrak`
--
ALTER TABLE `tbl_kontrak`
  ADD PRIMARY KEY (`no_kontrak`);

--
-- Indexes for table `tbl_lembaga`
--
ALTER TABLE `tbl_lembaga`
  ADD PRIMARY KEY (`id_lembaga`);

--
-- Indexes for table `tbl_m_user`
--
ALTER TABLE `tbl_m_user`
  ADD PRIMARY KEY (`user_id`);

--
-- Indexes for table `tbl_pembayaran`
--
ALTER TABLE `tbl_pembayaran`
  ADD PRIMARY KEY (`no_transaksi`);

--
-- Indexes for table `tbl_pembelian_token`
--
ALTER TABLE `tbl_pembelian_token`
  ADD PRIMARY KEY (`no_transaksi`);

--
-- Indexes for table `tbl_penduduk`
--
ALTER TABLE `tbl_penduduk`
  ADD PRIMARY KEY (`id_pend`);

--
-- Indexes for table `tbl_token`
--
ALTER TABLE `tbl_token`
  ADD PRIMARY KEY (`id`);

--
-- Indexes for table `tbl_unit`
--
ALTER TABLE `tbl_unit`
  ADD PRIMARY KEY (`id_unit`);

--
-- Indexes for table `update_berita`
--
ALTER TABLE `update_berita`
  ADD PRIMARY KEY (`kode_berita`);

--
-- Indexes for table `update_galery`
--
ALTER TABLE `update_galery`
  ADD PRIMARY KEY (`kode`);

--
-- Indexes for table `update_sambutan`
--
ALTER TABLE `update_sambutan`
  ADD PRIMARY KEY (`kode_sambutan`);

--
-- Indexes for table `user`
--
ALTER TABLE `user`
  ADD PRIMARY KEY (`kode_user`);

--
-- AUTO_INCREMENT for dumped tables
--

--
-- AUTO_INCREMENT for table `sarana_sosial`
--
ALTER TABLE `sarana_sosial`
  MODIFY `id_sosial` int(5) NOT NULL AUTO_INCREMENT, AUTO_INCREMENT=56;

--
-- AUTO_INCREMENT for table `tbl_alamat`
--
ALTER TABLE `tbl_alamat`
  MODIFY `id_alamat` int(11) NOT NULL AUTO_INCREMENT, AUTO_INCREMENT=115;

--
-- AUTO_INCREMENT for table `tbl_inventory`
--
ALTER TABLE `tbl_inventory`
  MODIFY `id` int(11) NOT NULL AUTO_INCREMENT, AUTO_INCREMENT=10;

--
-- AUTO_INCREMENT for table `tbl_keluarga_get_modal`
--
ALTER TABLE `tbl_keluarga_get_modal`
  MODIFY `id_modal` int(11) NOT NULL AUTO_INCREMENT, AUTO_INCREMENT=114;

--
-- AUTO_INCREMENT for table `tbl_keluarga_meninggal`
--
ALTER TABLE `tbl_keluarga_meninggal`
  MODIFY `id_meninggal` int(11) NOT NULL AUTO_INCREMENT, AUTO_INCREMENT=115;

--
-- AUTO_INCREMENT for table `tbl_keluarga_sejahtera`
--
ALTER TABLE `tbl_keluarga_sejahtera`
  MODIFY `id_sejahtera` int(11) NOT NULL AUTO_INCREMENT, AUTO_INCREMENT=115;

--
-- AUTO_INCREMENT for table `tbl_keluarga_status_dan_kb`
--
ALTER TABLE `tbl_keluarga_status_dan_kb`
  MODIFY `id_sdk` int(11) NOT NULL AUTO_INCREMENT, AUTO_INCREMENT=115;

--
-- AUTO_INCREMENT for table `tbl_lembaga`
--
ALTER TABLE `tbl_lembaga`
  MODIFY `id_lembaga` int(11) NOT NULL AUTO_INCREMENT, AUTO_INCREMENT=2;

--
-- AUTO_INCREMENT for table `tbl_m_user`
--
ALTER TABLE `tbl_m_user`
  MODIFY `user_id` int(11) NOT NULL AUTO_INCREMENT, AUTO_INCREMENT=3;

--
-- AUTO_INCREMENT for table `tbl_penduduk`
--
ALTER TABLE `tbl_penduduk`
  MODIFY `id_pend` int(11) NOT NULL AUTO_INCREMENT, AUTO_INCREMENT=266;

--
-- AUTO_INCREMENT for table `tbl_token`
--
ALTER TABLE `tbl_token`
  MODIFY `id` int(11) NOT NULL AUTO_INCREMENT, AUTO_INCREMENT=3;

DELIMITER $$
--
-- Events
--
CREATE DEFINER=`root`@`localhost` EVENT `pembayaran` ON SCHEDULE EVERY 1 MONTH STARTS '2018-09-10 00:00:00' ON COMPLETION NOT PRESERVE ENABLE COMMENT 'menunggak pembayaran' DO UPDATE tbl_pembayaran SET keterangan = 'MENUNGGAK' WHERE keterangan = 'BELUM BAYAR'$$

DELIMITER ;
COMMIT;

/*!40101 SET CHARACTER_SET_CLIENT=@OLD_CHARACTER_SET_CLIENT */;
/*!40101 SET CHARACTER_SET_RESULTS=@OLD_CHARACTER_SET_RESULTS */;
/*!40101 SET COLLATION_CONNECTION=@OLD_COLLATION_CONNECTION */;
